1|KEJADIAN 1:14|Berfirmanlah Allah: “Jadilah benda-benda penerang pada cakrawala untuk memisahkan siang dari malam. Biarlah benda-benda penerang itu menjadi tanda yang menunjukkan masa-masa yang tetap dan hari-hari dan tahun-tahun,
2|KEJADIAN 1:16|Maka Allah menjadikan kedua benda penerang yang besar itu, yakni yang lebih besar untuk menguasai siang dan yang lebih kecil untuk menguasai malam, dan menjadikan juga bintang-bintang.
3|KEJADIAN 2:21|Lalu TUHAN Allah membuat manusia itu tidur nyenyak; ketika ia tidur, TUHAN Allah mengambil salah satu rusuk dari padanya, lalu menutup tempat itu dengan daging.
4|KEJADIAN 7:4|Sebab tujuh hari lagi Aku akan menurunkan hujan ke atas bumi empat puluh hari empat puluh malam lamanya, dan Aku akan menghapuskan dari muka bumi segala yang ada, yang Kujadikan itu.”
5|KEJADIAN 7:12|Dan turunlah hujan lebat meliputi bumi empat puluh hari empat puluh malam lamanya.
6|KEJADIAN 8:22|Selama bumi masih ada, takkan berhenti-henti musim menabur dan menuai, dingin dan panas, kemarau dan hujan, siang dan malam.”
7|KEJADIAN 14:15|Dan pada waktu malam berbagilah mereka, ia dan hamba-hambanya itu, untuk melawan musuh; mereka mengalahkan dan mengejar musuh sampai ke Hoba di sebelah utara Damsyik.
8|KEJADIAN 18:4|Biarlah diambil air sedikit, basuhlah kakimu dan duduklah beristirahat di bawah pohon ini;
9|KEJADIAN 19:4|Tetapi sebelum mereka tidur, orang-orang lelaki dari kota Sodom itu, dari yang muda sampai yang tua, bahkan seluruh kota, tidak ada yang terkecuali, datang mengepung rumah itu.
10|KEJADIAN 19:5|Mereka berseru kepada Lot: “Di manakah orang-orang yang datang kepadamu malam ini? Bawalah mereka keluar kepada kami, supaya kami pakai mereka.”
11|KEJADIAN 19:32|Marilah kita beri ayah kita minum anggur, lalu kita tidur dengan dia, supaya kita menyambung keturunan dari ayah kita.”
12|KEJADIAN 20:3|Tetapi pada waktu malam Allah datang kepada Abimelekh dalam suatu mimpi serta berfirman kepadanya: “Engkau harus mati oleh karena perempuan yang telah kauambil itu; sebab ia sudah bersuami.”
13|KEJADIAN 24:25|Lagi kata gadis itu: “Baik jerami, baik makanan unta banyak pada kami, tempat bermalam pun ada.”
14|KEJADIAN 25:27|Lalu bertambah besarlah kedua anak itu: Esau menjadi seorang yang pandai berburu, seorang yang suka tinggal di padang, tetapi Yakub adalah seorang yang tenang, yang suka tinggal di kemah.
15|KEJADIAN 28:13|ⓒ Berdirilah TUHAN di sampingnya dan berfirman: “Akulah TUHAN, Allah Abraham, nenekmu, dan Allah Ishak; tanah tempat engkau berbaring ini akan Kuberikan kepadamu dan kepada keturunanmu.
16|KEJADIAN 29:23|Tetapi pada waktu malam diambilnyalah Lea, anaknya, lalu dibawanya kepada Yakub. Maka Yakub pun menghampiri dia.
17|KEJADIAN 31:24|Pada waktu malam datanglah Allah dalam suatu mimpi kepada Laban, orang Aram itu, serta berfirman kepadanya: “Jagalah baik-baik, supaya engkau jangan mengatai Yakub dengan sepatah kata pun.”
18|KEJADIAN 31:29|Aku ini berkuasa untuk berbuat jahat kepadamu, tetapi Allah ayahmu telah berfirman kepadaku tadi malam: Jagalah baik-baik, jangan engkau mengatai Yakub dengan sepatah kata pun.
19|KEJADIAN 31:39|Yang diterkam oleh binatang buas tidak pernah kubawa kepadamu, aku sendiri yang menggantinya; yang dicuri orang, baik waktu siang, baik waktu malam, selalu engkau tuntut dari padaku.
20|KEJADIAN 31:40|Aku dimakan panas hari waktu siang dan kedinginan waktu malam, dan mataku jauh dari pada tertidur.
21|KEJADIAN 31:54|Dan Yakub mempersembahkan korban sembelihan di gunung itu. Ia mengundang makan sanak saudaranya, lalu mereka makan serta bermalam di gunung itu.
22|KEJADIAN 32:13|Lalu bermalamlah ia di sana pada malam itu. Kemudian diambilnyalah dari apa yang ada padanya suatu persembahan untuk Esau, kakaknya,
23|KEJADIAN 32:21|Jadi persembahan itu diantarkan lebih dahulu, tetapi ia sendiri bermalam pada malam itu di tempat perkemahannya.
24|KEJADIAN 35:22|Ketika Israel diam di negeri ini, terjadilah bahwa Ruben sampai tidur dengan Bilha, gundik ayahnya, dan kedengaranlah hal itu kepada Israel. Adapun anak-anak lelaki Yakub dua belas orang jumlahnya.
25|KEJADIAN 39:7|Selang beberapa waktu isteri tuannya memandang Yusuf dengan berahi, lalu katanya: “Marilah tidur dengan aku.”
26|KEJADIAN 39:10|Walaupun dari hari ke hari perempuan itu membujuk Yusuf, Yusuf tidak mendengarkan bujukannya itu untuk tidur di sisinya dan bersetubuh dengan dia.
27|KEJADIAN 41:5|Setelah itu tertidur pulalah ia dan bermimpi kedua kalinya: Tampak timbul dari satu tangkai tujuh bulir gandum yang bernas dan baik.
28|KEJADIAN 41:11|Pada satu malam juga kami bermimpi, aku dan kepala juru roti itu; masing-masing mempunyai mimpi dengan artinya sendiri.
29|KEJADIAN 42:27|Ketika seorang membuka karungnya untuk memberi makan keledainya di tempat bermalam, dilihatnyalah uangnya ada di dalam mulut karungnya.
30|KEJADIAN 43:21|tetapi ketika kami sampai ke tempat bermalam dan membuka karung kami, tampaklah uang kami masing-masing dengan tidak kurang jumlahnya ada di dalam mulut karung. Tetapi sekarang kami membawanya kembali.
31|KEJADIAN 46:2|Berfirmanlah Allah kepada Israel dalam penglihatan waktu malam: “Yakub, Yakub!” Sahutnya: “Ya, Tuhan.”
32|KEJADIAN 47:31|Kemudian kata Yakub: “Bersumpahlah kepadaku.” Maka Yusuf pun bersumpah kepadanya. Lalu sujudlah Israel di sebelah kepala tempat tidurnya.
33|KEJADIAN 49:4|Engkau yang membual sebagai air, tidak lagi engkau yang terutama, sebab engkau telah menaiki tempat tidur ayahmu; waktu itu engkau telah melanggar kesuciannya. Dia telah menaiki petiduranku!
34|KEJADIAN 49:33|ⓓ Setelah Yakub selesai berpesan kepada anak-anaknya, ditariknyalah kakinya ke atas tempat berbaring dan meninggallah ia, maka ia dikumpulkan kepada kaum leluhurnya.
35|KELUARAN 4:24|Tetapi di tengah jalan, di suatu tempat bermalam, TUHAN bertemu dengan Musa dan berikhtiar untuk membunuhnya.
36|KELUARAN 12:8|Dagingnya harus dimakan mereka pada malam itu juga; yang dipanggang mereka harus makan dengan roti yang tidak beragi beserta sayur pahit.
37|KELUARAN 12:12|Sebab pada malam ini Aku akan menjalani tanah Mesir, dan semua anak sulung, dari anak manusia sampai anak binatang, akan Kubunuh, dan kepada semua allah di Mesir akan Kujatuhkan hukuman, Akulah, TUHAN.
38|KELUARAN 12:42|Malam itulah malam berjaga-jaga bagi TUHAN, untuk membawa mereka keluar dari tanah Mesir. Dan itulah juga malam berjaga-jaga bagi semua orang Israel, turun-temurun, untuk kemuliaan TUHAN.
39|KELUARAN 13:21|TUHAN berjalan di depan mereka, pada siang hari dalam tiang awan untuk menuntun mereka di jalan, dan pada waktu malam dalam tiang api untuk menerangi mereka, sehingga mereka dapat berjalan siang dan malam.
40|KELUARAN 13:22|Dengan tidak beralih tiang awan itu tetap ada pada siang hari dan tiang api pada waktu malam di depan bangsa itu.
41|KELUARAN 14:21|Lalu Musa mengulurkan tangannya ke atas laut, dan semalam-malaman itu TUHAN menguakkan air laut dengan perantaraan angin timur yang keras, membuat laut itu menjadi tanah kering; maka terbelahlah air itu.
42|KELUARAN 16:30|Lalu beristirahatlah bangsa itu pada hari ketujuh.
43|KELUARAN 21:18|Apabila ada orang bertengkar dan yang seorang memukul yang lain dengan batu atau dengan tinjunya, sehingga yang lain itu memang tidak mati, tetapi terpaksa berbaring di tempat tidur,
44|KELUARAN 21:30|Jika dibebankan kepadanya uang pendamaian, maka haruslah dibayarnya segala yang dibebankan kepadanya itu sebagai tebusan nyawanya.
45|KELUARAN 22:16|ⓐ Apabila seseorang membujuk seorang anak perawan yang belum bertunangan, dan tidur dengan dia, maka haruslah ia mengambilnya menjadi isterinya dengan membayar mas kawin.
46|KELUARAN 22:19|ⓒ Siapa pun yang tidur dengan seekor binatang, pastilah ia dihukum mati.
47|KELUARAN 22:27|sebab hanya itu saja penutup tubuhnya, itulah pemalut kulitnya — pakai apakah ia pergi tidur? Maka apabila ia berseru-seru kepada-Ku, Aku akan mendengarkannya, sebab Aku ini pengasih.”
48|KELUARAN 24:18|ⓑ Masuklah Musa ke tengah-tengah awan itu dengan mendaki gunung itu. Lalu tinggallah ia di atas gunung itu empat puluh hari dan empat puluh malam lamanya.
49|KELUARAN 25:17|Juga engkau harus membuat tutup pendamaian dari emas murni, dua setengah hasta panjangnya dan satu setengah hasta lebarnya.
50|KELUARAN 25:18|Dan haruslah kaubuat dua kerub dari emas, kaubuatlah itu dari emas tempaan, pada kedua ujung tutup pendamaian itu.
51|KELUARAN 25:19|Buatlah satu kerub pada ujung sebelah sini dan satu kerub pada ujung sebelah sana; seiras dengan tutup pendamaian itu kamu buatlah kerub itu di atas kedua ujungnya.
52|KELUARAN 25:21|Haruslah kauletakkan tutup pendamaian itu di atas tabut dan dalam tabut itu engkau harus menaruh loh hukum, yang akan Kuberikan kepadamu.
53|KELUARAN 26:34|Tutup pendamaian itu haruslah kauletakkan di atas tabut hukum di dalam tempat maha kudus.
54|KELUARAN 29:33|Haruslah mereka memakan semuanya itu yang dipakai untuk mengadakan pendamaian pada waktu mereka ditahbiskan dan dikuduskan, tetapi orang awam janganlah memakannya, sebab persembahan kudus semuanya itu.
55|KELUARAN 29:37|Tujuh hari lamanya haruslah engkau mengadakan pendamaian bagi mezbah itu; haruslah engkau menguduskannya, maka mezbah itu akan menjadi maha kudus; setiap orang yang kena kepada mezbah itu akan menjadi kudus.”
56|KELUARAN 30:6|Haruslah kautaruh tempat pembakaran itu di depan tabir penutup tabut hukum, di depan tutup pendamaian yang di atas loh hukum, di mana Aku akan bertemu dengan engkau.
57|KELUARAN 31:7|Kemah Pertemuan, tabut untuk hukum, tutup pendamaian yang terletak di atasnya, dan segala perabotan kemah itu,
58|KELUARAN 31:17|ⓒ Antara Aku dan orang Israel maka inilah suatu peringatan untuk selama-lamanya, sebab enam hari lamanya TUHAN menjadikan langit dan bumi, dan pada hari yang ketujuh Ia berhenti bekerja untuk beristirahat.”
59|KELUARAN 34:28|Dan Musa ada di sana bersama-sama dengan TUHAN empat puluh hari empat puluh malam lamanya, tidak makan roti dan tidak minum air, dan ia menuliskan pada loh itu segala perkataan perjanjian, yakni Kesepuluh Firman.
60|KELUARAN 35:12|tabut dengan kayu pengusungnya, tutup pendamaian dan tabir penudung;
61|KELUARAN 37:6|Dibuatnyalah tutup pendamaian dari emas murni, dua setengah hasta panjangnya dan satu setengah hasta lebarnya.
62|KELUARAN 37:7|Dibuatnyalah dua kerub dari emas, dari emas tempaan dibuatnya itu, pada kedua ujung tutup pendamaian itu,
63|KELUARAN 37:8|satu kerub pada ujung sebelah sini dan satu kerub pada ujung sebelah sana; seiras dengan tutup pendamaian itu dibuatnya kerub itu pada kedua ujungnya.
64|KELUARAN 37:9|Kerub-kerub itu mengembangkan kedua sayapnya ke atas, sayap-sayapnya menudungi tutup pendamaian itu dan mukanya menghadap kepada masing-masing; kepada tutup pendamaian itulah menghadap muka kerub-kerub itu.
65|KELUARAN 39:35|tabut hukum Allah dengan kayu-kayu pengusungnya dan tutup pendamaian,
66|KELUARAN 40:20|Diambilnyalah loh hukum Allah dan ditaruhnya ke dalam tabut, dikenakannyalah kayu pengusung pada tabut itu dan diletakkannya tutup pendamaian di atas tabut itu.
67|KELUARAN 40:38|Sebab awan TUHAN itu ada di atas Kemah Suci pada siang hari, dan pada malam hari ada api di dalamnya, di depan mata seluruh umat Israel pada setiap tempat mereka berkemah.
68|IMAMAT 1:4|Lalu ia harus meletakkan tangannya ke atas kepala korban bakaran itu, sehingga baginya persembahan itu diperkenan untuk mengadakan pendamaian baginya.
69|IMAMAT 4:26|Tetapi segala lemak harus dibakarnya di atas mezbah, seperti juga lemak korban keselamatan. Dengan demikian imam mengadakan pendamaian bagi orang itu karena dosanya, sehingga ia menerima pengampunan.
70|IMAMAT 5:10|Yang kedua haruslah diolahnya menjadi korban bakaran, sesuai dengan peraturan. Dengan demikian imam mengadakan pendamaian bagi orang itu karena dosa yang telah diperbuatnya, sehingga ia menerima pengampunan.
71|IMAMAT 5:13|Dengan demikian imam mengadakan pendamaian bagi orang itu karena dosanya dalam salah satu perkara itu, sehingga ia menerima pengampunan. Selebihnya adalah bagian imam, sama seperti korban sajian.”
72|IMAMAT 6:7|Imam harus mengadakan pendamaian bagi orang itu di hadapan TUHAN, sehingga ia menerima pengampunan atas perkara apa pun yang diperbuatnya sehingga ia bersalah.”
73|IMAMAT 6:30|Tetapi setiap korban penghapus dosa, yang dari darahnya dibawa sebagian ke dalam Kemah Pertemuan untuk mengadakan pendamaian di dalam tempat kudus, janganlah dimakan, melainkan dibakar habis dengan api.”
74|IMAMAT 7:7|Seperti halnya dengan korban penghapus dosa, demikian juga halnya dengan korban penebus salah; satu hukum berlaku atas keduanya: imam yang mengadakan pendamaian dengan korban itu, bagi dialah korban itu.
75|IMAMAT 8:34|Seperti yang diperbuat pada hari ini, demikian juga diperintahkan TUHAN kamu perbuat kelak untuk mengadakan pendamaian bagimu.
76|IMAMAT 8:35|Di depan pintu Kemah Pertemuan haruslah kamu tinggal siang malam tujuh hari lamanya, dan kamu harus lakukan kewajibanmu terhadap TUHAN dengan setia, supaya janganlah kamu mati, karena demikianlah diperintahkan kepadaku.”
77|IMAMAT 14:18|Dan apa yang tinggal dari minyak itu haruslah dibubuhnya pada kepala orang yang akan ditahirkan. Dengan demikian imam mengadakan pendamaian bagi orang itu di hadapan TUHAN.
78|IMAMAT 14:19|Imam harus mempersembahkan korban penghapus dosa dan dengan demikian mengadakan pendamaian bagi orang yang akan ditahirkan dari kenajisannya, dan sesudah itu ia harus menyembelih korban bakaran.
79|IMAMAT 14:20|Kemudian imam harus mempersembahkan korban bakaran dan korban sajian di atas mezbah. Dengan demikian imam mengadakan pendamaian bagi orang itu, maka ia menjadi tahir.
80|IMAMAT 14:29|Dan minyak selebihnya haruslah dibubuhnya pada kepala orang yang akan ditahirkan, supaya diadakan pendamaian bagi orang itu di hadapan TUHAN.
81|IMAMAT 14:31|yang seekor sebagai korban penghapus dosa, dan yang seekor lagi sebagai korban bakaran, di samping korban sajian. Dengan demikian imam mengadakan pendamaian bagi orang yang akan ditahirkan di hadapan TUHAN.
82|IMAMAT 14:47|Dan orang yang tidur di dalam rumah itu haruslah mencuci pakaiannya; demikian juga orang yang makan di dalam rumah itu haruslah mencuci pakaiannya.
83|IMAMAT 14:53|Dan burung yang hidup itu harus dilepaskannya ke luar kota ke padang. Dengan demikian ia mengadakan pendamaian bagi rumah itu, maka rumah itu menjadi tahir.
84|IMAMAT 15:4|Setiap tempat tidur, yang ditiduri orang yang mengeluarkan lelehan itu menjadi najis, dan setiap barang yang didudukinya menjadi najis juga.
85|IMAMAT 15:15|Lalu imam harus mempersembahkannya, yang seekor sebagai korban penghapus dosa dan yang seekor lagi sebagai korban bakaran. Dengan demikian imam mengadakan pendamaian bagi orang itu di hadapan TUHAN karena lelehannya.
86|IMAMAT 15:20|Segala sesuatu yang ditidurinya selama ia cemar kain menjadi najis. Dan segala sesuatu yang didudukinya menjadi najis juga.
87|IMAMAT 15:24|Jikalau seorang laki-laki tidur dengan perempuan itu, dan ia kena cemar kain perempuan itu, maka ia menjadi najis selama tujuh hari, dan setiap tempat tidur yang ditidurinya menjadi najis juga.
88|IMAMAT 15:26|Setiap tempat tidur yang ditidurinya, selama ia mengeluarkan lelehan, haruslah baginya seperti tempat tidur pada waktu cemar kainnya dan setiap barang yang didudukinya menjadi najis sama seperti kenajisan cemar kainnya.
89|IMAMAT 15:33|dan tentang seorang perempuan yang bercemar kain dan tentang seseorang, baik laki-laki maupun perempuan, yang mengeluarkan lelehan, dan tentang laki-laki yang tidur dengan perempuan yang najis.
90|IMAMAT 16:6|Kemudian Harun harus mempersembahkan lembu jantan yang akan menjadi korban penghapus dosa baginya sendiri dan dengan demikian mengadakan pendamaian baginya dan bagi keluarganya.
91|IMAMAT 16:10|Tetapi kambing jantan yang kena undi bagi Azazel haruslah ditempatkan hidup-hidup di hadapan TUHAN untuk mengadakan pendamaian, lalu dilepaskan bagi Azazel ke padang gurun.
92|IMAMAT 16:11|Harun harus mempersembahkan lembu jantan yang akan menjadi korban penghapus dosa baginya sendiri dan mengadakan pendamaian baginya dan bagi keluarganya; ia harus menyembelih lembu jantan itu.
93|IMAMAT 16:13|Kemudian ia harus meletakkan ukupan itu di atas api yang di hadapan TUHAN, sehingga asap ukupan itu menutupi tutup pendamaian yang di atas hukum Allah, supaya ia jangan mati.
94|IMAMAT 16:20|Setelah selesai mengadakan pendamaian bagi tempat kudus dan Kemah Pertemuan serta mezbah, ia harus mempersembahkan kambing jantan yang masih hidup itu,
95|IMAMAT 16:30|Karena pada hari itu harus diadakan pendamaian bagimu untuk mentahirkan kamu. Kamu akan ditahirkan dari segala dosamu di hadapan TUHAN.
96|IMAMAT 16:32|Dan pendamaian harus diadakan oleh imam yang telah diurapi dan telah ditahbiskan untuk memegang jabatan imam menggantikan ayahnya; ia harus mengenakan pakaian lenan, yakni pakaian kudus.
97|IMAMAT 16:33|Ia harus mengadakan pendamaian bagi tempat maha kudus, bagi Kemah Pertemuan dan bagi mezbah, juga bagi para imam dan bagi seluruh bangsa itu, yakni jemaah itu.
98|IMAMAT 16:34|Itulah yang harus menjadi ketetapan untuk selama-lamanya bagimu, supaya sekali setahun diadakan pendamaian bagi orang Israel karena segala dosa mereka.” Maka Harun melakukan seperti yang diperintahkan TUHAN kepada Musa.
99|IMAMAT 17:11|ⓑ Karena nyawa makhluk ada di dalam darahnya dan Aku telah memberikan darah itu kepadamu di atas mezbah untuk mengadakan pendamaian bagi nyawamu, karena darah mengadakan pendamaian dengan perantaraan nyawa.
100|IMAMAT 18:22|Janganlah engkau tidur dengan laki-laki secara orang bersetubuh dengan perempuan, karena itu suatu kekejian.
101|IMAMAT 19:22|Imam harus mengadakan pendamaian bagi orang itu dengan domba jantan korban penebus salah di hadapan TUHAN, karena dosa yang telah diperbuatnya, sehingga ia beroleh pengampunan dari dosanya itu.
102|IMAMAT 20:11|ⓓ Bila seorang laki-laki tidur dengan seorang isteri ayahnya, jadi ia melanggar hak ayahnya, pastilah keduanya dihukum mati, dan darah mereka tertimpa kepada mereka sendiri.
103|IMAMAT 20:12|Bila seorang laki-laki tidur dengan menantunya perempuan, pastilah keduanya dihukum mati; mereka telah melakukan suatu perbuatan keji, maka darah mereka tertimpa kepada mereka sendiri.
104|IMAMAT 20:13|Bila seorang laki-laki tidur dengan laki-laki secara orang bersetubuh dengan perempuan, jadi keduanya melakukan suatu kekejian, pastilah mereka dihukum mati dan darah mereka tertimpa kepada mereka sendiri.
105|IMAMAT 20:20|Bila seorang laki-laki tidur dengan isteri saudara ayahnya, jadi ia melanggar hak saudara ayahnya, mereka mendatangkan dosa kepada dirinya, dan mereka akan mati dengan tidak beranak.
106|IMAMAT 23:27|“Akan tetapi pada tanggal sepuluh bulan yang ketujuh itu ada hari Pendamaian; kamu harus mengadakan pertemuan kudus dan harus merendahkan diri dengan berpuasa dan mempersembahkan korban api-apian kepada TUHAN.
107|IMAMAT 26:6|Dan Aku akan memberi damai sejahtera di dalam negeri itu, sehingga kamu akan berbaring dengan tidak dikejutkan oleh apa pun; Aku akan melenyapkan binatang buas dari negeri itu, dan pedang tidak akan melintas di negerimu.
108|BILANGAN 5:13|dan laki-laki lain tidur dan bersetubuh dengan perempuan itu, dengan tidak diketahui suaminya, karena tinggal rahasia bahwa perempuan itu mencemarkan dirinya, tidak ada saksi terhadap dia, dia tidak kedapatan,
109|BILANGAN 6:26|TUHAN menghadapkan wajah-Nya kepadamu dan memberi engkau damai sejahtera.
110|BILANGAN 8:21|Orang Lewi itu menghapus dosa dari dirinya dan mencuci pakaian mereka, kemudian Harun mengunjukkan mereka sebagai persembahan unjukan di hadapan TUHAN, dan mengadakan pendamaian bagi mereka sambil mentahirkan mereka.
111|BILANGAN 9:16|Demikianlah selalu terjadi: awan itu menutupi Kemah, dan pada waktu malam kelihatan seperti api.
112|BILANGAN 11:9|ⓑ Dan apabila embun turun di tempat perkemahan pada waktu malam, maka turunlah juga manna di situ.
113|BILANGAN 14:1|Lalu segenap umat itu mengeluarkan suara nyaring dan bangsa itu menangis pada malam itu.
114|BILANGAN 15:28|dan imam haruslah mengadakan pendamaian di hadapan TUHAN bagi orang yang dengan tidak sengaja berbuat dosa itu, sehingga orang itu beroleh pengampunan karena telah diadakan pendamaian baginya.
115|BILANGAN 22:19|Oleh sebab itu, baiklah kamu pun tinggal di sini pada malam ini, supaya aku tahu, apakah pula yang akan difirmankan TUHAN kepadaku.”
116|BILANGAN 25:13|untuk menjadi perjanjian mengenai keimaman selama-lamanya bagi dia dan bagi keturunannya, karena ia telah begitu giat membela Allahnya dan telah mengadakan pendamaian bagi orang Israel.”
117|BILANGAN 28:22|Selanjutnya seekor kambing jantan sebagai korban penghapus dosa untuk mengadakan pendamaian bagimu;
118|BILANGAN 28:30|seekor kambing jantan untuk mengadakan pendamaian bagimu.
119|BILANGAN 29:5|dan seekor kambing jantan sebagai korban penghapus dosa untuk mengadakan pendamaian bagimu,
120|BILANGAN 29:11|dan seekor kambing jantan sebagai korban penghapus dosa, selain dari pada korban penghapus dosa pembawa pendamaian dan korban bakaran yang tetap serta dengan korban sajiannya dan korban-korban curahannya.
121|ULANGAN 1:33|yang berjalan di depanmu di perjalanan untuk mencari tempat bagimu, di mana kamu dapat berkemah: dengan api pada waktu malam dan dengan awan pada waktu siang, untuk memperlihatkan kepadamu jalan yang harus kamu tempuh.”
122|ULANGAN 2:26|ⓕ “Kemudian aku menyuruh utusan dari padang gurun Kedemot kepada Sihon, raja Hesybon, menyampaikan pesan perdamaian, bunyinya:
123|ULANGAN 9:11|Sesudah lewat empat puluh hari empat puluh malam itu, maka TUHAN memberikan kepadaku kedua loh batu, loh-loh perjanjian itu.
124|ULANGAN 9:25|Maka aku sujud di hadapan TUHAN — empat puluh hari empat puluh malam lamanya aku sujud —, karena TUHAN telah berfirman akan memunahkan kamu,
125|ULANGAN 10:10|ⓓ Maka aku ini berdiri di atas gunung seperti yang pertama kali, empat puluh hari empat puluh malam lamanya, dan sekali ini pun TUHAN mendengarkan aku: TUHAN tidak mau memusnahkan engkau.
126|ULANGAN 16:1|ⓐ ⓑ “Ingatlah akan bulan Abib dan rayakanlah Paskah bagi TUHAN, Allahmu, sebab dalam bulan Abib itulah TUHAN, Allahmu, membawa engkau keluar dari Mesir pada waktu malam.
127|ULANGAN 20:10|Apabila engkau mendekati suatu kota untuk berperang melawannya, maka haruslah engkau menawarkan perdamaian kepadanya.
128|ULANGAN 20:12|Tetapi apabila kota itu tidak mau berdamai dengan engkau, melainkan mengadakan pertempuran melawan engkau, maka haruslah engkau mengepungnya;
129|ULANGAN 22:23|Apabila ada seorang gadis yang masih perawan dan yang sudah bertunangan — jika seorang laki-laki bertemu dengan dia di kota dan tidur dengan dia,
130|ULANGAN 22:25|Tetapi jikalau di padang laki-laki itu bertemu dengan gadis yang telah bertunangan itu, memaksa gadis itu tidur dengan dia, maka hanyalah laki-laki yang tidur dengan gadis itu yang harus mati,
131|ULANGAN 22:28|ⓓ Apabila seseorang bertemu dengan seorang gadis, yang masih perawan dan belum bertunangan, memaksa gadis itu tidur dengan dia, dan keduanya kedapatan —
132|ULANGAN 23:10|Apabila ada di antaramu seorang laki-laki yang tidak tahir disebabkan oleh sesuatu yang terjadi atasnya pada malam hari, maka haruslah ia pergi ke luar perkemahan, janganlah ia masuk ke dalam perkemahan.
133|ULANGAN 24:12|Jika ia seorang miskin, janganlah engkau tidur dengan barang gadaiannya;
134|YOSUA 2:2|Kemudian diberitahukanlah kepada raja Yerikho, demikian: “Tadi malam ada orang datang ke mari dari orang Israel untuk menyelidik negeri ini.”
135|YOSUA 2:5|dan ketika pintu gerbang hendak ditutup menjelang malam, maka keluarlah orang-orang itu; aku tidak tahu, ke mana orang-orang itu pergi. Segeralah kejar mereka, tentulah kamu dapat menyusul mereka.”
136|YOSUA 2:8|Tetapi sebelum kedua orang itu tidur, naiklah perempuan itu mendapatkan mereka di atas sotoh
137|YOSUA 6:11|Demikianlah tabut TUHAN mengelilingi kota itu, mengedarinya sekali saja. Kemudian kembalilah mereka ke tempat perkemahan dan bermalam di tempat perkemahan itu.
138|YOSUA 8:3|Lalu bersiaplah Yosua beserta seluruh tentara untuk pergi ke Ai. Yosua memilih tiga puluh ribu orang, pahlawan-pahlawan yang gagah perkasa, mereka disuruhnya pergi pada waktu malam
139|YOSUA 8:9|Demikianlah Yosua menyuruh mereka pergi, lalu berjalanlah mereka ke tempat persembunyian dan tinggal di antara Betel dan Ai, di sebelah barat Ai. Tetapi Yosua bermalam di tengah-tengah rakyat pada malam itu.
140|YOSUA 8:13|Beginilah rakyat itu diatur: seluruh tentara itu di sebelah utara kota dengan barisan belakang di sebelah barat kota. Pada malam itu berjalanlah Yosua melalui lembah itu.
141|YOSUA 10:9|Lalu Yosua menyerang mereka dengan tiba-tiba, setelah semalam-malaman bergerak maju dari Gilgal.
142|HAKIM-HAKIM 6:40|Dan demikianlah diperbuat Allah pada malam itu, sebab hanya guntingan bulu itu yang kering, dan di atas seluruh tanah itu ada embun.
143|HAKIM-HAKIM 9:32|Oleh sebab itu, berangkatlah pada waktu malam, engkau dan rakyat yang bersama-sama dengan engkau itu, dan adakanlah penghadangan di padang.
144|HAKIM-HAKIM 9:34|Sebab itu berangkatlah Abimelekh pada waktu malam beserta segala rakyat yang bersama-sama dengan dia, lalu mereka mengadakan penghadangan dalam empat pasukan untuk melawan Sikhem.
145|HAKIM-HAKIM 19:4|Mertuanya, ayah perempuan muda itu, tidak membiarkan dia pergi, sehingga ia tinggal tiga hari lamanya pada ayah itu; mereka makan, minum dan bermalam di sana.
146|HAKIM-HAKIM 19:6|Jadi duduklah mereka, lalu makan dan minumlah keduanya bersama-sama. Kata ayah perempuan muda itu kepada laki-laki itu: “Baiklah putuskan untuk tinggal bermalam dan biarlah hatimu gembira.”
147|HAKIM-HAKIM 19:13|Lagi katanya kepada bujangnya: “Marilah kita berjalan sampai ke salah satu tempat yang di sana dan bermalam di Gibea atau di Rama.”
148|HAKIM-HAKIM 19:15|Sebab itu singgahlah mereka di Gibea, lalu masuk untuk bermalam di situ, dan setelah sampai, duduklah mereka di tanah lapang kota. Tetapi tidak ada seorang pun yang mengajak mereka ke rumah untuk bermalam.
149|HAKIM-HAKIM 20:4|Lalu orang Lewi, suami perempuan yang terbunuh itu, menjawab: “Aku sampai dengan gundikku di Gibea kepunyaan suku Benyamin untuk bermalam di sana.
150|HAKIM-HAKIM 20:5|Lalu warga-warga kota Gibea itu mendatangi aku dan mengepung rumah itu pada malam hari untuk menyerang aku. Mereka bermaksud membunuh aku, tetapi gundikku diperkosa mereka, sehingga mati.
151|HAKIM-HAKIM 21:11|Tetapi perbuatlah begini: hanya semua laki-laki sajalah dan semua perempuan yang telah pernah tidur dengan laki-laki harus kamu tumpas.”
152|HAKIM-HAKIM 21:12|Mereka menjumpai di antara penduduk Yabesh-Gilead empat ratus orang anak gadis, perawan yang belum pernah tidur dengan orang laki-laki, lalu gadis-gadis itu dibawa mereka ke perkemahan di Silo, di tanah Kanaan.
153|HAKIM-HAKIM 21:13|Sesudah itu segenap umat itu menyuruh orang membawa pesan kepada bani Benyamin yang ada di bukit batu Rimon, lalu memaklumkan damai kepada mereka.
154|RUT 3:2|Maka sekarang, bukankah Boas, yang pengerja-pengerjanya perempuan telah kautemani itu, adalah sanak kita? Dia pada malam ini menampi jelai di tempat pengirikan;
155|RUT 3:8|Pada waktu tengah malam dengan terkejut terjagalah orang itu, lalu meraba-raba ke sekelilingnya, dan ternyata ada seorang perempuan berbaring di sebelah kakinya.
156|1 SAMUEL 3:2|Pada suatu hari Eli, yang matanya mulai kabur dan tidak dapat melihat dengan baik, sedang berbaring di tempat tidurnya.
157|1 SAMUEL 3:3|Lampu rumah Allah belum lagi padam. Samuel telah tidur di dalam bait suci TUHAN, tempat tabut Allah.
158|1 SAMUEL 15:11|“Aku menyesal, karena Aku telah menjadikan Saul raja, sebab ia telah berbalik dari pada Aku dan tidak melaksanakan firman-Ku.” Maka sakit hatilah Samuel dan ia berseru-seru kepada TUHAN semalam-malaman.
159|1 SAMUEL 19:10|Lalu Saul berikhtiar menancapkan Daud ke dinding dengan tombaknya, tetapi Daud mengelakkan tikaman Saul, sehingga Saul mengenai dinding dengan tombak itu. Sesudah itu Daud melarikan diri dan luputlah ia pada malam itu.
160|1 SAMUEL 19:13|Sesudah itu Mikhal mengambil terafim dan menaruhnya di tempat tidur; ditaruhnya sehelai tenunan bulu kambing di bagian kepala dan ditutupinya dengan selimut.
161|1 SAMUEL 19:15|Sesudah itu Saul mengirim orang-orang suruhan itu untuk melihat Daud, katanya: “Bawalah dia di atas tempat tidur itu ke mari, supaya ia dibunuh.”
162|1 SAMUEL 19:16|Lalu masuklah para suruhan itu ke dalam, dan tampaklah ada terafim di tempat tidur dengan sehelai tenunan bulu kambing di bagian kepala.
163|1 SAMUEL 28:25|Dihidangkannyalah semuanya itu ke depan Saul dan ke depan para pegawainya, lalu mereka makan. Kemudian bangkitlah mereka dan pergi pada malam itu juga.
164|1 SAMUEL 30:12|dan memberikan kepadanya sepotong kue ara dan dua buah kue kismis, dan setelah dimakannya, ia segar kembali, sebab ia tidak makan dan minum selama tiga hari tiga malam.
165|2 SAMUEL 2:29|Semalam-malaman Abner dan orang-orangnya berjalan melalui Araba-Yordan, menyeberangi sungai Yordan, berjalan terus hampir sepanjang siang, lalu sampai ke Mahanaim.
166|2 SAMUEL 4:5|Anak-anak Rimon, orang Beerot itu, yakni Rekhab dan Baana, pergi, lalu sampai pada waktu hari panas terik ke rumah Isyboset, ketika ia sedang berbaring siang hari.
167|2 SAMUEL 4:6|Kebetulan penjaga pintu rumah itu mengantuk dan tertidur, ketika sedang membersihkan gandum. Demikianlah Rekhab dan Baana menyusup ke dalam.
168|2 SAMUEL 4:11|terlebih lagi sekarang, setelah orang-orang fasik membunuh seorang yang benar, di rumahnya di atas tempat tidurnya, tidakkah aku menuntut darahnya dari pada kamu dan melenyapkan kamu dari muka bumi?”
169|2 SAMUEL 7:4|Tetapi pada malam itu juga datanglah firman TUHAN kepada Natan, demikian:
170|2 SAMUEL 11:4|Sesudah itu Daud menyuruh orang mengambil dia. Perempuan itu datang kepadanya, lalu Daud tidur dengan dia. Perempuan itu baru selesai membersihkan diri dari kenajisannya. Kemudian pulanglah perempuan itu ke rumahnya.
171|2 SAMUEL 11:13|Daud memanggil dia untuk makan dan minum dengan dia, dan Daud membuatnya mabuk. Pada waktu malam keluarlah Uria untuk berbaring tidur di tempat tidurnya, bersama-sama hamba-hamba tuannya. Ia tidak pergi ke rumahnya.
172|2 SAMUEL 12:16|Lalu Daud memohon kepada Allah oleh karena anak itu, ia berpuasa dengan tekun dan apabila ia masuk ke dalam, semalam-malaman itu ia berbaring di tanah.
173|2 SAMUEL 13:8|Maka Tamar pergi ke rumah Amnon, kakaknya, yang sedang berbaring-baring, lalu anak perempuan itu mengambil adonan, meremasnya dan membuat kue di depan matanya, kemudian dibakarnya kue itu.
174|2 SAMUEL 16:14|Dengan lelah sampailah raja dan seluruh rakyat yang ada bersama-sama dengan dia ke Yordan, lalu mereka beristirahat di sana.
175|2 SAMUEL 17:28|tempat tidur, pasu, periuk belanga, juga gandum, jelai, tepung, bertih gandum, kacang babi, kacang merah besar, kacang merah kecil,
176|1 RAJA-RAJA 3:5|Di Gibeon itu TUHAN menampakkan diri kepada Salomo dalam mimpi pada waktu malam. Berfirmanlah Allah: “Mintalah apa yang hendak Kuberikan kepadamu.”
177|1 RAJA-RAJA 3:19|Pada waktu malam anak perempuan ini mati, karena ia menidurinya.
178|1 RAJA-RAJA 4:24|sebab ia berkuasa atas seluruh tanah di sebelah sini sungai Efrat, mulai dari Tifsah sampai ke Gaza, dan atas semua raja di sebelah sini sungai Efrat; ia dikaruniai damai di seluruh negerinya,
179|1 RAJA-RAJA 8:29|ⓖ Kiranya mata-Mu terbuka terhadap rumah ini, siang dan malam, terhadap tempat yang Kaukatakan: nama-Ku akan tinggal di sana; dengarkanlah doa yang hamba-Mu panjatkan di tempat ini.
180|1 RAJA-RAJA 17:19|Kata Elia kepadanya: “Berikanlah anakmu itu kepadaku.” Elia mengambilnya dari pangkuan perempuan itu dan membawanya naik ke kamarnya di atas, dan membaringkan anak itu di tempat tidurnya.
181|1 RAJA-RAJA 18:27|Pada waktu tengah hari Elia mulai mengejek mereka, katanya: “Panggillah lebih keras, bukankah dia allah? Mungkin ia merenung, mungkin ada urusannya, mungkin ia bepergian; barangkali ia tidur, dan belum terjaga.”
182|1 RAJA-RAJA 19:6|Ketika ia melihat sekitarnya, maka pada sebelah kepalanya ada roti bakar, dan sebuah kendi berisi air. Lalu ia makan dan minum, kemudian berbaring pula.
183|1 RAJA-RAJA 19:9|Di sana masuklah ia ke dalam sebuah gua dan bermalam di situ. Maka firman TUHAN datang kepadanya, demikian: “Apakah kerjamu di sini, hai Elia?”
184|1 RAJA-RAJA 20:18|Lalu katanya: “Entah mereka datang dengan maksud damai, entah dengan maksud perang, tangkaplah mereka hidup-hidup!”
185|1 RAJA-RAJA 21:27|Segera sesudah Ahab mendengar perkataan itu, ia mengoyakkan pakaiannya, mengenakan kain kabung pada tubuhnya dan berpuasa. Bahkan ia tidur dengan memakai kain kabung, dan berjalan dengan langkah lamban.
186|1 RAJA-RAJA 22:45|Dan Yosafat hidup dalam damai dengan raja Israel.
187|2 RAJA-RAJA 4:11|Pada suatu hari datanglah ia ke sana, lalu masuklah ia ke kamar atas itu dan tidur di situ.
188|2 RAJA-RAJA 4:21|Lalu naiklah perempuan itu, dibaringkannyalah dia di atas tempat tidur abdi Allah itu, ditutupnyalah pintu dan pergi, sehingga anak itu saja di dalam kamar.
189|2 RAJA-RAJA 4:32|Dan ketika Elisa masuk ke rumah, ternyata anak itu sudah mati dan terbaring di atas tempat tidurnya.
190|2 RAJA-RAJA 6:14|Maka dikirimnyalah ke sana kuda serta kereta dan tentara yang besar. Sampailah mereka pada waktu malam, lalu mengepung kota itu.
191|2 RAJA-RAJA 9:16|Kemudian Yehu naik kereta dan pergi ke Yizreel, sebab Yoram berbaring sakit di sana. Juga Ahazia, raja Yehuda, datang menjenguk Yoram.
192|2 RAJA-RAJA 20:19|Hizkia menjawab kepada Yesaya: “Sungguh baik firman TUHAN yang engkau ucapkan itu!” Tetapi pikirnya: “Asal ada damai dan keamanan seumur hidupku!”
193|1 TAWARIKH 17:3|Tetapi pada malam itu juga datanglah firman Allah kepada Natan, demikian:
194|2 TAWARIKH 1:7|Pada malam itu juga Allah menampakkan diri kepada Salomo dan berfirman kepadanya: “Mintalah apa yang hendak Kuberikan kepadamu.”
195|2 TAWARIKH 6:20|Kiranya mata-Mu terbuka terhadap rumah ini, siang dan malam, terhadap tempat yang Kaukatakan akan menjadi kediaman nama-Mu — dengarkanlah doa yang hamba-Mu panjatkan di tempat ini. ⓓ
196|2 TAWARIKH 7:12|Kemudian TUHAN menampakkan diri kepada Salomo pada malam hari dan berfirman kepadanya: “Telah Kudengar doamu dan telah Kupilih tempat ini bagi-Ku sebagai rumah persembahan.
197|NEHEMIA 2:15|aku naik ke atas melalui wadi pada malam hari dan menyelidiki dengan seksama tembok itu. Kemudian aku kembali, lalu masuk melalui pintu gerbang Lebak. Demikianlah aku pulang.
198|NEHEMIA 4:9|Tetapi kami berdoa kepada Allah kami, dan mengadakan penjagaan terhadap mereka siang dan malam karena sikap mereka.
199|NEHEMIA 8:12|Juga orang-orang Lewi menyuruh semua orang itu supaya diam dengan kata-kata: “Tenanglah! Hari ini adalah kudus. Jangan kamu bersusah hati!”
200|NEHEMIA 9:12|ⓕ Dengan tiang awan Engkau memimpin mereka pada siang hari dan dengan tiang api pada malam hari untuk menerangi jalan yang mereka lalui.
201|NEHEMIA 13:20|Tetapi orang-orang yang berdagang dan berjualan rupa-rupa barang itu kemudian bermalam juga di luar tembok Yerusalem satu dua kali.
202|NEHEMIA 13:21|Lalu aku memperingatkan mereka, kataku: “Mengapa kamu bermalam di depan tembok? Kalau kamu berbuat itu sekali lagi akan kukenakan tanganku kepadamu.” Sejak waktu itu mereka tidak datang lagi pada hari Sabat.
203|ESTER 6:1|Pada malam itu juga raja tidak dapat tidur. Maka bertitahlah baginda membawa kitab pencatatan sejarah, lalu dibacakan di hadapan raja.
204|AYUB 2:13|Lalu mereka duduk bersama-sama dia di tanah selama tujuh hari tujuh malam. Seorang pun tidak mengucapkan sepatah kata kepadanya, karena mereka melihat, bahwa sangat berat penderitaannya.
205|AYUB 3:3|“Biarlah hilang lenyap hari kelahiranku dan malam yang mengatakan: Seorang anak laki-laki telah ada dalam kandungan.
206|AYUB 3:6|Malam itu — biarlah dia dicekam oleh kegelapan; janganlah ia bersukaria pada hari-hari dalam setahun; janganlah ia termasuk bilangan bulan-bulan.
207|AYUB 3:7|Ya, biarlah pada malam itu tidak ada yang melahirkan, dan tidak terdengar suara kegirangan.
208|AYUB 3:13|Jikalau tidak, aku sekarang berbaring dan tenang; aku tertidur dan mendapat istirahat
209|AYUB 3:17|Di sanalah orang fasik berhenti menimbulkan huru-hara, di sanalah mereka yang kehabisan tenaga mendapat istirahat.
210|AYUB 3:18|Dan para tawanan bersama-sama menjadi tenang, mereka tidak lagi mendengar suara pengerah.
211|AYUB 3:26|Aku tidak mendapat ketenangan dan ketenteraman; aku tidak mendapat istirahat, tetapi kegelisahanlah yang timbul.”
212|AYUB 4:13|waktu bermenung oleh sebab khayal malam, ketika tidur nyenyak menghinggapi orang.
213|AYUB 5:14|Pada siang hari mereka tertimpa gelap, dan pada tengah hari mereka meraba-raba seperti pada waktu malam.
214|AYUB 5:23|Karena antara engkau dan batu-batu di padang akan ada perjanjian, dan binatang liar akan berdamai dengan engkau.
215|AYUB 7:13|Apabila aku berpikir: Tempat tidurku akan memberi aku penghiburan, dan tempat pembaringanku akan meringankan keluh kesahku,
216|AYUB 11:19|engkau akan berbaring tidur dengan tidak diganggu, dan banyak orang akan mengambil muka kepadamu.
217|AYUB 14:6|hendaklah Kaualihkan pandangan-Mu dari padanya, agar ia beristirahat, sehingga ia seperti orang upahan dapat menikmati harinya.
218|AYUB 15:11|Kurangkah artinya bagimu penghiburan Allah, dan perkataan yang dengan lemah lembut ditujukan kepadamu?
219|AYUB 15:21|Bunyi yang dahsyat sampai ke telinganya, pada masa damai ia didatangi perusak.
220|AYUB 17:13|Apabila aku mengharapkan dunia orang mati sebagai rumahku, menyediakan tempat tidurku di dalam kegelapan,
221|AYUB 20:8|Bagaikan impian ia melayang hilang, tak berbekas, lenyap bagaikan penglihatan waktu malam.
222|AYUB 20:20|Sesungguhnya, ia tidak mengenal ketenangan dalam batinnya, dan ia tidak akan terluput dengan membawa harta bendanya.
223|AYUB 21:2|“Dengarkanlah baik-baik perkataanku dan biarlah itu menjadi penghiburanmu.
224|AYUB 21:13|Mereka menghabiskan hari-hari mereka dalam kemujuran, dan dengan tenang mereka turun ke dalam dunia orang mati.
225|AYUB 21:23|Yang seorang mati dengan masih penuh tenaga, dengan sangat tenang dan sentosa;
226|AYUB 21:34|Alangkah hampanya penghiburanmu bagiku! Semua jawabanmu hanyalah tipu daya belaka!”
227|AYUB 24:7|Dengan telanjang mereka bermalam, karena tidak ada pakaian, dan mereka tidak mempunyai selimut pada waktu dingin;
228|AYUB 24:14|Pada parak siang bersiaplah si pembunuh, orang sengsara dan miskin dibunuhnya, dan waktu malam ia berlaku seperti pencuri.
229|AYUB 25:2|“Kekuasaan dan kedahsyatan ada pada Dia, yang menyelenggarakan damai di tempat-Nya yang tinggi.
230|AYUB 27:20|Kedahsyatan mengejar dia seperti air bah, pada malam hari ia diterbangkan badai;
231|AYUB 29:19|Akarku mencapai air, dan embun bermalam di atas ranting-rantingku.
232|AYUB 30:17|Pada waktu malam tulang-tulangku seperti digerogoti, dan rasa nyeri yang menusuk tak kunjung berhenti.
233|AYUB 31:32|— malah orang asing pun tidak pernah bermalam di luar, pintuku kubuka bagi musafir! —
234|AYUB 33:15|Dalam mimpi, dalam penglihatan waktu malam, bila orang nyenyak tidur, bila berbaring di atas tempat tidur,
235|AYUB 33:19|Dengan penderitaan ia ditegur di tempat tidurnya, dan berkobar terus-menerus bentrokan dalam tulang-tulangnya;
236|AYUB 34:20|Dalam sekejap mata mereka mati, ya, pada tengah malam orang dikejutkan dan binasa; mereka yang perkasa dilenyapkan bukan oleh tangan orang.
237|AYUB 34:25|Jadi, Ia mengetahui perbuatan mereka, dan menggulingkan mereka di waktu malam, sehingga mereka hancur lebur.
238|AYUB 35:10|tetapi orang tidak bertanya: Di mana Allah, yang membuat aku, dan yang memberi nyanyian pujian di waktu malam;
239|AYUB 36:16|Juga engkau dibujuk-Nya keluar dari dalam kesesakan, ke tempat yang luas, bebas dari tekanan, ke meja hidanganmu yang tenang dan penuh lemak.
240|AYUB 36:20|Janganlah merindukan malam hari, waktu bangsa-bangsa pergi dari tempatnya.
241|AYUB 39:12|Apakah lembu hutan mau takluk kepadamu, atau bermalam dekat palunganmu?
242|MAZMUR 1:2|tetapi yang kesukaannya ialah Taurat TUHAN, dan yang merenungkan Taurat itu siang dan malam.
243|MAZMUR 4:9|Dengan tenteram aku mau membaringkan diri, lalu segera tidur, sebab hanya Engkaulah, ya TUHAN, yang membiarkan aku diam dengan aman.
244|MAZMUR 6:7|Lesu aku karena mengeluh; setiap malam aku menggenangi tempat tidurku, dengan air mataku aku membanjiri ranjangku.
245|MAZMUR 7:5|jika aku melakukan yang jahat terhadap orang yang hidup damai dengan aku, atau merugikan orang yang melawan aku dengan tidak ada alasannya,
246|MAZMUR 13:4|Pandanglah kiranya, jawablah aku, ya TUHAN, Allahku! Buatlah mataku bercahaya, supaya jangan aku tertidur dan mati,
247|MAZMUR 16:7|Aku memuji TUHAN, yang telah memberi nasihat kepadaku, ya, pada waktu malam hati nuraniku mengajari aku.
248|MAZMUR 17:3|Bila Engkau menguji hatiku, memeriksanya pada waktu malam, dan menyelidiki aku, maka Engkau tidak akan menemui sesuatu kejahatan; mulutku tidak terlanjur.
249|MAZMUR 19:3|hari meneruskan berita itu kepada hari, dan malam menyampaikan pengetahuan itu kepada malam.
250|MAZMUR 22:3|Allahku, aku berseru-seru pada waktu siang, tetapi Engkau tidak menjawab, dan pada waktu malam, tetapi tidak juga aku tenang.
251|MAZMUR 23:2|ⓐ Ia membaringkan aku di padang yang berumput hijau, Ia membimbing aku ke air yang tenang;
252|MAZMUR 32:4|sebab siang malam tangan-Mu menekan aku dengan berat, sumsumku menjadi kering, seperti oleh teriknya musim panas. S e l a
253|MAZMUR 35:20|Karena mereka tidak membicarakan damai, dan terhadap orang-orang yang rukun di negeri mereka merancangkan penipuan,
254|MAZMUR 36:5|Kejahatan dirancangkannya di tempat tidurnya, ia menempatkan dirinya di jalan yang tidak baik; apa yang jahat tidak ditolaknya.
255|MAZMUR 37:37|Perhatikanlah orang yang tulus dan lihatlah kepada orang yang jujur, sebab pada orang yang suka damai akan ada masa depan;
256|MAZMUR 41:4|TUHAN membantu dia di ranjangnya waktu sakit; di tempat tidurnya Kaupulihkannya sama sekali dari sakitnya.
257|MAZMUR 55:7|Pikirku: “Sekiranya aku diberi sayap seperti merpati, aku akan terbang dan mencari tempat yang tenang,
258|MAZMUR 55:8|bahkan aku akan lari jauh-jauh dan bermalam di padang gurun. S e l a
259|MAZMUR 55:11|Siang malam mereka mengelilingi kota itu di atas tembok-temboknya, dan di dalamnya ada kemalangan dan bencana;
260|MAZMUR 55:21|Orang itu mengacungkan tangannya kepada mereka yang hidup damai dengan dia, janjinya dilanggarnya;
261|MAZMUR 62:2|Hanya dekat Allah saja aku tenang, dari pada-Nyalah keselamatanku.
262|MAZMUR 63:7|Apabila aku ingat kepada-Mu di tempat tidurku, merenungkan Engkau sepanjang kawal malam, —
263|MAZMUR 68:14|Maukah kamu berbaring di antara kandang-kandang? Sayap-sayap merpati bersalut dengan perak, bulu kepaknya dengan emas berkilau-kilauan.
264|MAZMUR 72:3|Kiranya gunung-gunung membawa damai sejahtera bagi bangsa, dan bukit-bukit membawa kebenaran!
265|MAZMUR 72:7|Kiranya keadilan berkembang dalam zamannya dan damai sejahtera berlimpah, sampai tidak ada lagi bulan!
266|MAZMUR 76:7|Oleh sebab hardik-Mu, ya Allah Yakub, tertidur lelap baik pengendara maupun kuda.
267|MAZMUR 77:7|Aku sebut-sebut pada waktu malam dalam hatiku, aku merenung, dan rohku mencari-cari:
268|MAZMUR 78:65|Lalu terjagalah Tuhan, seperti orang yang tertidur, seperti pahlawan yang siuman dari mabuk anggur;
269|MAZMUR 88:2|Ya TUHAN, Allah yang menyelamatkan aku, siang hari aku berseru-seru, pada waktu malam aku menghadap Engkau.
270|MAZMUR 90:4|ⓐ Sebab di mata-Mu seribu tahun sama seperti hari kemarin, apabila berlalu, atau seperti suatu giliran jaga di waktu malam.
271|MAZMUR 91:1|Orang yang duduk dalam lindungan Yang Mahatinggi dan bermalam dalam naungan Yang Mahakuasa
272|MAZMUR 91:5|Engkau tak usah takut terhadap kedahsyatan malam, terhadap panah yang terbang di waktu siang,
273|MAZMUR 94:19|Apabila bertambah banyak pikiran dalam batinku, penghiburan-Mu menyenangkan jiwaku.
274|MAZMUR 102:8|Aku tak bisa tidur dan sudah menjadi seperti burung terpencil di atas sotoh.
275|MAZMUR 104:20|Apabila Engkau mendatangkan gelap, maka hari pun malamlah; ketika itulah bergerak segala binatang hutan.
276|MAZMUR 105:39|ⓣ Dibentangkan-Nya awan menjadi tudung, dan api untuk menerangi malam.
277|MAZMUR 107:29|dibuat-Nyalah badai itu diam, sehingga gelombang-gelombangnya tenang.
278|MAZMUR 116:7|Kembalilah tenang, hai jiwaku, sebab TUHAN telah berbuat baik kepadamu.
279|MAZMUR 119:50|Inilah penghiburanku dalam sengsaraku, bahwa janji-Mu menghidupkan aku.
280|MAZMUR 119:55|Pada waktu malam aku ingat kepada nama-Mu, ya TUHAN; aku hendak berpegang pada Taurat-Mu.
281|MAZMUR 120:6|Cukup lama aku tinggal bersama-sama dengan orang-orang yang membenci perdamaian.
282|MAZMUR 120:7|Aku ini suka perdamaian, tetapi apabila aku berbicara, maka mereka menghendaki perang.
283|MAZMUR 121:4|Sesungguhnya tidak terlelap dan tidak tertidur Penjaga Israel.
284|MAZMUR 125:5|tetapi orang-orang yang menyimpang ke jalan yang berbelit-belit, kiranya TUHAN mengenyahkan mereka bersama-sama orang-orang yang melakukan kejahatan. Damai sejahtera atas Israel!
285|MAZMUR 128:6|dan melihat anak-anak dari anak-anakmu! Damai sejahtera atas Israel!
286|MAZMUR 131:2|Sesungguhnya, aku telah menenangkan dan mendiamkan jiwaku; seperti anak yang disapih berbaring dekat ibunya, ya, seperti anak yang disapih jiwaku dalam diriku.
287|MAZMUR 132:3|“Sesungguhnya aku tidak akan masuk ke dalam kemah kediamanku, tidak akan berbaring di ranjang petiduranku,
288|MAZMUR 132:4|sesungguhnya aku tidak akan membiarkan mataku tidur atau membiarkan kelopak mataku terlelap,
289|MAZMUR 139:3|Engkau memeriksa aku, kalau aku berjalan dan berbaring, segala jalanku Kaumaklumi.
290|MAZMUR 139:8|Jika aku mendaki ke langit, Engkau di sana; jika aku menaruh tempat tidurku di dunia orang mati, di situ pun Engkau.
291|AMSAL 3:24|Jikalau engkau berbaring, engkau tidak akan terkejut, tetapi engkau akan berbaring dan tidur nyenyak.
292|AMSAL 4:16|Karena mereka tidak dapat tidur, bila tidak berbuat jahat; kantuk mereka lenyap, bila mereka tidak membuat orang tersandung;
293|AMSAL 6:4|janganlah membiarkan matamu tidur, dan kelopak matamu mengantuk;
294|AMSAL 6:10|ⓐ “Tidur sebentar lagi, mengantuk sebentar lagi, melipat tangan sebentar lagi untuk tinggal berbaring” —
295|AMSAL 7:9|pada waktu senja, pada petang hari, di malam yang gelap.
296|AMSAL 7:11|cerewet dan liat perempuan ini, kakinya tak dapat tenang di rumah,
297|AMSAL 7:16|Telah kubentangkan permadani di atas tempat tidurku, kain lenan beraneka warna dari Mesir.
298|AMSAL 10:5|Siapa mengumpulkan pada musim panas, ia berakal budi; siapa tidur pada waktu panen membuat malu.
299|AMSAL 14:30|Hati yang tenang menyegarkan tubuh, tetapi iri hati membusukkan tulang.
300|AMSAL 16:7|Jikalau TUHAN berkenan kepada jalan seseorang, maka musuh orang itu pun didamaikan-Nya dengan dia.
301|AMSAL 19:15|Kemalasan mendatangkan tidur nyenyak, dan orang yang lamban akan menderita lapar.
302|AMSAL 19:23|Takut akan Allah mendatangkan hidup, maka orang bermalam dengan puas, tanpa ditimpa malapetaka.
303|AMSAL 20:13|Janganlah menyukai tidur, supaya engkau tidak jatuh miskin, bukalah matamu dan engkau akan makan sampai kenyang.
304|AMSAL 22:27|Mengapa orang akan mengambil tempat tidurmu dari bawahmu, bila engkau tidak mempunyai apa-apa untuk membayar kembali?
305|AMSAL 23:30|Yakni mereka yang duduk dengan anggur sampai jauh malam, mereka yang datang mengecap anggur campuran.
306|AMSAL 24:33|ⓐ “Tidur sebentar lagi, mengantuk sebentar lagi, melipat tangan sebentar lagi untuk tinggal berbaring,”
307|AMSAL 26:14|Seperti pintu berputar pada engselnya, demikianlah si pemalas di tempat tidurnya.
308|AMSAL 29:9|Jika orang bijak beperkara dengan orang bodoh, orang bodoh ini mengamuk dan tertawa, sehingga tak ada ketenangan.
309|AMSAL 31:18|Ia tahu bahwa pendapatannya menguntungkan, pada malam hari pelitanya tidak padam.
310|PENGKHOTBAH 3:8|ada waktu untuk mengasihi, ada waktu untuk membenci; ada waktu untuk perang, ada waktu untuk damai.
311|PENGKHOTBAH 5:11|Enak tidurnya orang yang bekerja, baik ia makan sedikit maupun banyak; tetapi kekenyangan orang kaya sekali-kali tidak membiarkan dia tidur.
312|PENGKHOTBAH 8:8|Tiada seorang pun berkuasa menahan angin dan tiada seorang pun berkuasa atas hari kematian. Tak ada istirahat dalam peperangan, dan kefasikan tidak melepaskan orang yang melakukannya.
313|KIDUNG AGUNG 3:1|Di atas ranjangku pada malam hari kucari jantung hatiku. Kucari, tetapi tak kutemui dia.
314|KIDUNG AGUNG 3:8|Semua membawa pedang, terlatih dalam perang, masing-masing dengan pedang pada pinggang karena kedahsyatan malam.
315|YESAYA 5:27|Tiada yang lelah dan tiada yang tersandung di antaranya; mereka tidak terlelap dan tidak tertidur, tidak terlepas ikat pinggangnya dan tali kasutnya tidak terputus;
316|YESAYA 10:29|Mereka telah menyeberang dari jurang penyeberangan, sambil berteriak: “Geba tempat permalaman kita!” Penduduk Rama gemetar, penghuni Gibea-Saul melarikan diri.
317|YESAYA 11:6|ⓓ Serigala akan tinggal bersama domba dan macan tutul akan berbaring di samping kambing. Anak lembu dan anak singa akan makan rumput bersama-sama, dan seorang anak kecil akan menggiringnya.
318|YESAYA 11:7|Lembu dan beruang akan sama-sama makan rumput dan anaknya akan sama-sama berbaring, sedang singa akan makan jerami seperti lembu.
319|YESAYA 13:16|Bayi-bayi mereka akan diremukkan di depan mata mereka, rumah-rumah mereka akan dirampoki, dan isteri-isteri mereka akan ditiduri.
320|YESAYA 13:21|ⓔ tetapi yang akan berbaring di sana ialah binatang gurun, dan rumah-rumah mereka akan penuh dengan burung hantu; burung-burung unta akan diam di sana, dan jin-jin akan melompat-lompat;
321|YESAYA 14:11|Ke dunia orang mati sudah diturunkan kemegahanmu dan bunyi gambus-gambusmu; ulat-ulat dibentangkan sebagai lapik tidurmu, dan cacing-cacing sebagai selimutmu.”
322|YESAYA 14:18|Semua bekas raja bangsa-bangsa berbaring dalam kemuliaan, masing-masing dalam rumah kuburnya.
323|YESAYA 15:1|ⓐ Ucapan ilahi tentang Moab. Sungguh, dalam suatu malam Ar-Moab sudah dirusakkan, dibinasakan; sungguh, dalam suatu malam Kir-Moab sudah dirusakkan, dibinasakan!
324|YESAYA 17:2|kampung-kampungnya akan ditinggalkan selama-lamanya dan menjadi tempat bagi kawanan-kawanan ternak, yang berbaring dengan tidak diganggu oleh siapa pun.
325|YESAYA 21:4|Hatiku gelisah, kekejutan meliputi aku, malam hari yang selalu kurindukan itu sekarang menggentarkan aku.
326|YESAYA 21:8|Kemudian berserulah orang yang melihat itu: “Di tempat peninjauan, ya tuanku, aku berdiri senantiasa sehari suntuk, dan di tempat pengawalanku aku terpancang setiap malam.”
327|YESAYA 21:11|Ucapan ilahi terhadap Duma. Ada seorang berseru kepadaku dari Seir: “Hai pengawal, masih lama malam ini? Hai pengawal, masih lama malam ini?”
328|YESAYA 21:13|Ucapan ilahi terhadap Arabia. Di belukar di Arabia kamu akan bermalam, hai kafilah-kafilah orang Dedan!
329|YESAYA 26:12|Ya TUHAN, Engkau akan menyediakan damai sejahtera bagi kami, sebab segala sesuatu yang kami kerjakan, Engkaulah yang melakukannya bagi kami.
330|YESAYA 27:3|Aku, TUHAN, penjaganya; setiap saat Aku menyiraminya. Supaya jangan orang mengganggunya, siang malam Aku menjaganya;
331|YESAYA 27:10|Sebab kota yang berkubu itu terpencil, suatu tempat kediaman yang dikosongkan dan ditinggalkan seperti padang gurun; anak lembu akan makan rumput dan berbaring di situ menghabiskan dahan-dahan pohon.
332|YESAYA 28:12|Dia yang telah berfirman kepada mereka: “Inilah tempat perhentian, berilah perhentian kepada orang yang lelah; inilah tempat peristirahatan!” Tetapi mereka tidak mau mendengarkan.
333|YESAYA 28:20|Sebab tempat tidur akan kurang panjang untuk dipakai membujurkan diri dan selimut akan kurang lebar untuk dipakai menyelubungi diri.
334|YESAYA 29:7|Maka segala pasukan bangsa-bangsa yang berperang melawan Ariel, dan semua orang yang memerangi dia dan kubu pertahanannya dan orang-orang yang menyesakkan dia akan seperti mimpi dan seperti penglihatan malam-malam:
335|YESAYA 29:10|ⓐ Sebab TUHAN telah membuat kamu tidur nyenyak; matamu — yakni para nabi — telah dipejamkan-Nya dan mukamu — yaitu para pelihat — telah ditudungi-Nya.
336|YESAYA 32:17|Di mana ada kebenaran di situ akan tumbuh damai sejahtera, dan akibat kebenaran ialah ketenangan dan ketenteraman untuk selama-lamanya.
337|YESAYA 32:18|Bangsaku akan diam di tempat yang damai, di tempat tinggal yang tenteram di tempat peristirahatan yang aman.
338|YESAYA 33:7|Lihat, orang-orang Ariel menjerit di jalan, utusan-utusan yang mencari damai menangis dengan pedih.
339|YESAYA 34:10|ⓒ Siang dan malam negeri itu tidak akan padam-padam, asapnya naik untuk selama-lamanya. Negeri itu akan menjadi reruntuhan turun-temurun, tidak ada orang yang melintasinya untuk seterusnya.
340|YESAYA 34:14|Di sana berpapasan binatang gurun dengan anjing hutan, dan jin bertemu dengan temannya; hantu malam saja ada di sana dan mendapat tempat perhentian.
341|YESAYA 35:7|tanah pasir yang hangat akan menjadi kolam, dan tanah kersang menjadi sumber-sumber air; di tempat serigala berbaring akan tumbuh tebu dan pandan.
342|YESAYA 38:15|Apakah yang akan kukatakan dan kuucapkan kepada TUHAN; bukankah Dia yang telah melakukannya? Aku sama sekali tidak dapat tidur karena pahit pedihnya perasaanku.
343|YESAYA 38:16|Ya Tuhan, karena inilah hatiku mengharapkan Engkau; tenangkanlah rohku, buatlah aku sehat, buatlah aku sembuh!
344|YESAYA 40:2|tenangkanlah hati Yerusalem dan serukanlah kepadanya, bahwa perhambaannya sudah berakhir, bahwa kesalahannya telah diampuni, sebab ia telah menerima hukuman dari tangan TUHAN dua kali lipat karena segala dosanya.
345|YESAYA 48:22|ⓒ “Tidak ada damai sejahtera bagi orang-orang fasik!” firman TUHAN.
346|YESAYA 56:10|Sebab pengawal-pengawal umat-Ku adalah orang-orang buta, mereka semua tidak tahu apa-apa; mereka semua adalah anjing-anjing bisu, tidak tahu menyalak; mereka berbaring melamun dan suka tidur saja;
347|YESAYA 57:2|dan ia masuk ke tempat damai; orang-orang yang hidup dengan lurus hati mendapat perhentian di atas tempat tidurnya.
348|YESAYA 57:7|Engkau menaruh petiduranmu di atas gunung yang tinggi dan menjulang dan ke atas gunung itu juga engkau naik untuk mempersembahkan korban sembelihan.
349|YESAYA 57:18|Aku telah melihat segala jalannya itu, tetapi Aku akan menyembuhkan dan akan menuntun dia dan akan memulihkan dia dengan penghiburan; juga pada bibir orang-orangnya yang berkabung
350|YESAYA 57:19|ⓐ Aku akan menciptakan puji-pujian. Damai, damai sejahtera bagi mereka yang jauh dan bagi mereka yang dekat — firman TUHAN — Aku akan menyembuhkan dia!
351|YESAYA 57:20|Tetapi orang-orang fasik adalah seperti laut yang berombak-ombak sebab tidak dapat tetap tenang, dan arusnya menimbulkan sampah dan lumpur.
352|YESAYA 57:21|ⓑ Tiada damai bagi orang-orang fasik itu,” firman Allahku.
353|YESAYA 59:8|Mereka tidak mengenal jalan damai, dan dalam jejak mereka tidak ada keadilan; mereka mengambil jalan-jalan yang bengkok, dan setiap orang yang berjalan di situ tidaklah mengenal damai.
354|YESAYA 60:11|ⓐ Pintu-pintu gerbangmu akan terbuka senantiasa, baik siang maupun malam tidak akan tertutup, supaya orang dapat membawa kekayaan bangsa-bangsa kepadamu, sedang raja-raja mereka ikut digiring sebagai tawanan.
355|YESAYA 62:1|Oleh karena Sion aku tidak dapat berdiam diri, dan oleh karena Yerusalem aku tidak akan tinggal tenang, sampai kebenarannya bersinar seperti cahaya dan keselamatannya menyala seperti suluh.
356|YESAYA 62:7|dan janganlah biarkan Dia tinggal tenang, sampai Ia menegakkan Yerusalem dan sampai Ia membuatnya menjadi kemasyhuran di bumi.
357|YESAYA 65:4|yang duduk di kuburan-kuburan dan bermalam di dalam gua-gua; yang memakan daging babi dan kuah daging najis ada dalam kuali mereka;
358|YEREMIA 6:5|“Ayo, marilah kita maju menyerang pada waktu malam dan merusakkan puri-purinya!”
359|YEREMIA 6:14|ⓑ Mereka mengobati luka umat-Ku dengan memandangnya ringan, katanya: Damai sejahtera! Damai sejahtera!, tetapi tidak ada damai sejahtera.
360|YEREMIA 8:11|ⓑ Mereka mengobati luka puteri umat-Ku dengan memandangnya ringan, katanya: Damai sejahtera! Damai sejahtera!, tetapi tidak ada damai sejahtera.
361|YEREMIA 8:15|Kita mengharapkan damai, tetapi tidak datang sesuatu yang baik, mengharapkan waktu kesembuhan, tetapi yang ada hanya kengerian!
362|YEREMIA 9:1|Sekiranya kepalaku penuh air, dan mataku jadi pancuran air mata, maka siang malam aku akan menangisi orang-orang puteri bangsaku yang terbunuh!
363|YEREMIA 9:8|Lidah mereka adalah anak panah yang membunuh, perkataan dari mulutnya adalah tipu; mereka berbicara damai dengan temannya, tetapi dalam hatinya mereka merancang pengadangan terhadapnya.
364|YEREMIA 12:12|Para pembinasa telah datang melintasi segala bukit gundul di padang gurun; sebab pedang TUHAN mengamuk makan dari ujung negeri yang satu ke ujung lain; tidak ada damai bagi segala yang hidup.
365|YEREMIA 14:17|Katakanlah perkataan ini kepada mereka: “Air mataku bercucuran siang dan malam dengan tidak berhenti-henti, sebab anak dara, puteri bangsaku, dilukai dengan luka parah, luka yang sama sekali tidak tersembuhkan.
