1|YESAYA 40:31|Tetapi orang-orang yang menanti-nantikan TUHAN mendapat kekuatan baru.
2|MAZMUR 5:3|Pada waktu pagi Engkau mendengar seruanku.
3|RATAPAN 3:23|Tak berkesudahan kasih setia Tuhan.
4|MAZMUR 5:3|Pada waktu pagi Engkau mendengar seruanku.
5|YESAYA 40:31|Tetapi orang-orang yang menanti-nantikan TUHAN mendapat kekuatan baru.
6|RATAPAN 3:23|Tak berkesudahan kasih setia Tuhan.
7|MAZMUR 5:3|Pada waktu pagi Engkau mendengar seruanku.
8|YESAYA 40:31|Tetapi orang-orang yang menanti-nantikan TUHAN mendapat kekuatan baru.
9|RATAPAN 3:23|Tak berkesudahan kasih setia Tuhan.
10|MAZMUR 5:3|Pada waktu pagi Engkau mendengar seruanku.
11|YESAYA 40:31|Tetapi orang-orang yang menanti-nantikan TUHAN mendapat kekuatan baru.
12|RATAPAN 3:23|Tak berkesudahan kasih setia Tuhan.
13|YESAYA 40:31|Tetapi orang-orang yang menanti-nantikan TUHAN mendapat kekuatan baru.
14|MAZMUR 5:3|Pada waktu pagi Engkau mendengar seruanku.
15|YESAYA 40:31|Tetapi orang-orang yang menanti-nantikan TUHAN mendapat kekuatan baru.
16|MAZMUR 5:3|Pada waktu pagi Engkau mendengar seruanku.
17|RATAPAN 3:23|Tak berkesudahan kasih setia Tuhan.
18|MAZMUR 5:3|Pada waktu pagi Engkau mendengar seruanku.
19|RATAPAN 3:23|Tak berkesudahan kasih setia Tuhan.
20|YESAYA 40:31|Tetapi orang-orang yang menanti-nantikan TUHAN mendapat kekuatan baru.
21|MAZMUR 5:3|Pada waktu pagi Engkau mendengar seruanku.
22|RATAPAN 3:23|Tak berkesudahan kasih setia Tuhan.
23|YESAYA 40:31|Tetapi orang-orang yang menanti-nantikan TUHAN mendapat kekuatan baru.
24|RATAPAN 3:23|Tak berkesudahan kasih setia Tuhan.
25|MAZMUR 5:3|Pada waktu pagi Engkau mendengar seruanku.
26|RATAPAN 3:23|Tak berkesudahan kasih setia Tuhan.
27|MAZMUR 5:3|Pada waktu pagi Engkau mendengar seruanku.
28|YESAYA 40:31|Tetapi orang-orang yang menanti-nantikan TUHAN mendapat kekuatan baru.
29|MAZMUR 5:3|Pada waktu pagi Engkau mendengar seruanku.
30|RATAPAN 3:23|Tak berkesudahan kasih setia Tuhan.
31|YESAYA 40:31|Tetapi orang-orang yang menanti-nantikan TUHAN mendapat kekuatan baru.
32|RATAPAN 3:23|Tak berkesudahan kasih setia Tuhan.
33|MAZMUR 5:3|Pada waktu pagi Engkau mendengar seruanku.
34|YESAYA 40:31|Tetapi orang-orang yang menanti-nantikan TUHAN mendapat kekuatan baru.
35|MAZMUR 5:3|Pada waktu pagi Engkau mendengar seruanku.
36|RATAPAN 3:23|Tak berkesudahan kasih setia Tuhan.
37|YESAYA 40:31|Tetapi orang-orang yang menanti-nantikan TUHAN mendapat kekuatan baru.
38|MAZMUR 5:3|Pada waktu pagi Engkau mendengar seruanku.
39|RATAPAN 3:23|Tak berkesudahan kasih setia Tuhan.
40|YESAYA 40:31|Tetapi orang-orang yang menanti-nantikan TUHAN mendapat kekuatan baru.
41|RATAPAN 3:23|Tak berkesudahan kasih setia Tuhan.
42|MAZMUR 5:3|Pada waktu pagi Engkau mendengar seruanku.
43|RATAPAN 3:23|Tak berkesudahan kasih setia Tuhan.
44|YESAYA 40:31|Tetapi orang-orang yang menanti-nantikan TUHAN mendapat kekuatan baru.
45|MAZMUR 5:3|Pada waktu pagi Engkau mendengar seruanku.
46|YESAYA 40:31|Tetapi orang-orang yang menanti-nantikan TUHAN mendapat kekuatan baru.
47|MAZMUR 5:3|Pada waktu pagi Engkau mendengar seruanku.
48|RATAPAN 3:23|Tak berkesudahan kasih setia Tuhan.
49|YESAYA 40:31|Tetapi orang-orang yang menanti-nantikan TUHAN mendapat kekuatan baru.
50|MAZMUR 5:3|Pada waktu pagi Engkau mendengar seruanku.
51|RATAPAN 3:23|Tak berkesudahan kasih setia Tuhan.
52|MAZMUR 5:3|Pada waktu pagi Engkau mendengar seruanku.
53|YESAYA 40:31|Tetapi orang-orang yang menanti-nantikan TUHAN mendapat kekuatan baru.
54|RATAPAN 3:23|Tak berkesudahan kasih setia Tuhan.
55|MAZMUR 5:3|Pada waktu pagi Engkau mendengar seruanku.
56|YESAYA 40:31|Tetapi orang-orang yang menanti-nantikan TUHAN mendapat kekuatan baru.
57|RATAPAN 3:23|Tak berkesudahan kasih setia Tuhan.
58|MAZMUR 5:3|Pada waktu pagi Engkau mendengar seruanku.
59|RATAPAN 3:23|Tak berkesudahan kasih setia Tuhan.
60|YESAYA 40:31|Tetapi orang-orang yang menanti-nantikan TUHAN mendapat kekuatan baru.
61|MAZMUR 5:3|Pada waktu pagi Engkau mendengar seruanku.
62|RATAPAN 3:23|Tak berkesudahan kasih setia Tuhan.
63|YESAYA 40:31|Tetapi orang-orang yang menanti-nantikan TUHAN mendapat kekuatan baru.
64|MAZMUR 5:3|Pada waktu pagi Engkau mendengar seruanku.
65|YESAYA 40:31|Tetapi orang-orang yang menanti-nantikan TUHAN mendapat kekuatan baru.
66|RATAPAN 3:23|Tak berkesudahan kasih setia Tuhan.
67|MAZMUR 5:3|Pada waktu pagi Engkau mendengar seruanku.
68|YESAYA 40:31|Tetapi orang-orang yang menanti-nantikan TUHAN mendapat kekuatan baru.
69|MAZMUR 5:3|Pada waktu pagi Engkau mendengar seruanku.
70|YESAYA 40:31|Tetapi orang-orang yang menanti-nantikan TUHAN mendapat kekuatan baru.
71|RATAPAN 3:23|Tak berkesudahan kasih setia Tuhan.
72|YESAYA 40:31|Tetapi orang-orang yang menanti-nantikan TUHAN mendapat kekuatan baru.
73|MAZMUR 5:3|Pada waktu pagi Engkau mendengar seruanku.
74|YESAYA 40:31|Tetapi orang-orang yang menanti-nantikan TUHAN mendapat kekuatan baru.
75|RATAPAN 3:23|Tak berkesudahan kasih setia Tuhan.
76|MAZMUR 5:3|Pada waktu pagi Engkau mendengar seruanku.
77|YESAYA 40:31|Tetapi orang-orang yang menanti-nantikan TUHAN mendapat kekuatan baru.
78|RATAPAN 3:23|Tak berkesudahan kasih setia Tuhan.
79|MAZMUR 5:3|Pada waktu pagi Engkau mendengar seruanku.
80|RATAPAN 3:23|Tak berkesudahan kasih setia Tuhan.
81|MAZMUR 5:3|Pada waktu pagi Engkau mendengar seruanku.
82|YESAYA 40:31|Tetapi orang-orang yang menanti-nantikan TUHAN mendapat kekuatan baru.
83|RATAPAN 3:23|Tak berkesudahan kasih setia Tuhan.
84|MAZMUR 5:3|Pada waktu pagi Engkau mendengar seruanku.
85|RATAPAN 3:23|Tak berkesudahan kasih setia Tuhan.
86|YESAYA 40:31|Tetapi orang-orang yang menanti-nantikan TUHAN mendapat kekuatan baru.
87|MAZMUR 5:3|Pada waktu pagi Engkau mendengar seruanku.
88|YESAYA 40:31|Tetapi orang-orang yang menanti-nantikan TUHAN mendapat kekuatan baru.
89|RATAPAN 3:23|Tak berkesudahan kasih setia Tuhan.
90|MAZMUR 5:3|Pada waktu pagi Engkau mendengar seruanku.
91|RATAPAN 3:23|Tak berkesudahan kasih setia Tuhan.
92|YESAYA 40:31|Tetapi orang-orang yang menanti-nantikan TUHAN mendapat kekuatan baru.
93|MAZMUR 5:3|Pada waktu pagi Engkau mendengar seruanku.
94|RATAPAN 3:23|Tak berkesudahan kasih setia Tuhan.
95|MAZMUR 5:3|Pada waktu pagi Engkau mendengar seruanku.
96|YESAYA 40:31|Tetapi orang-orang yang menanti-nantikan TUHAN mendapat kekuatan baru.
97|RATAPAN 3:23|Tak berkesudahan kasih setia Tuhan.
98|YESAYA 40:31|Tetapi orang-orang yang menanti-nantikan TUHAN mendapat kekuatan baru.
99|MAZMUR 5:3|Pada waktu pagi Engkau mendengar seruanku.
100|RATAPAN 3:23|Tak berkesudahan kasih setia Tuhan.
101|YESAYA 40:31|Tetapi orang-orang yang menanti-nantikan TUHAN mendapat kekuatan baru.
102|MAZMUR 5:3|Pada waktu pagi Engkau mendengar seruanku.
103|YESAYA 40:31|Tetapi orang-orang yang menanti-nantikan TUHAN mendapat kekuatan baru.
104|MAZMUR 5:3|Pada waktu pagi Engkau mendengar seruanku.
105|RATAPAN 3:23|Tak berkesudahan kasih setia Tuhan.
106|MAZMUR 5:3|Pada waktu pagi Engkau mendengar seruanku.
107|YESAYA 40:31|Tetapi orang-orang yang menanti-nantikan TUHAN mendapat kekuatan baru.
108|RATAPAN 3:23|Tak berkesudahan kasih setia Tuhan.
109|MAZMUR 5:3|Pada waktu pagi Engkau mendengar seruanku.
110|YESAYA 40:31|Tetapi orang-orang yang menanti-nantikan TUHAN mendapat kekuatan baru.
111|MAZMUR 5:3|Pada waktu pagi Engkau mendengar seruanku.
112|RATAPAN 3:23|Tak berkesudahan kasih setia Tuhan.
113|YESAYA 40:31|Tetapi orang-orang yang menanti-nantikan TUHAN mendapat kekuatan baru.
114|MAZMUR 5:3|Pada waktu pagi Engkau mendengar seruanku.
115|RATAPAN 3:23|Tak berkesudahan kasih setia Tuhan.
116|YESAYA 40:31|Tetapi orang-orang yang menanti-nantikan TUHAN mendapat kekuatan baru.
117|MAZMUR 5:3|Pada waktu pagi Engkau mendengar seruanku.
118|YESAYA 40:31|Tetapi orang-orang yang menanti-nantikan TUHAN mendapat kekuatan baru.
119|RATAPAN 3:23|Tak berkesudahan kasih setia Tuhan.
120|MAZMUR 5:3|Pada waktu pagi Engkau mendengar seruanku.
121|YESAYA 40:31|Tetapi orang-orang yang menanti-nantikan TUHAN mendapat kekuatan baru.
122|RATAPAN 3:23|Tak berkesudahan kasih setia Tuhan.
123|MAZMUR 5:3|Pada waktu pagi Engkau mendengar seruanku.
124|YESAYA 40:31|Tetapi orang-orang yang menanti-nantikan TUHAN mendapat kekuatan baru.
125|MAZMUR 5:3|Pada waktu pagi Engkau mendengar seruanku.
126|YESAYA 40:31|Tetapi orang-orang yang menanti-nantikan TUHAN mendapat kekuatan baru.
127|RATAPAN 3:23|Tak berkesudahan kasih setia Tuhan.
128|YESAYA 40:31|Tetapi orang-orang yang menanti-nantikan TUHAN mendapat kekuatan baru.
129|MAZMUR 5:3|Pada waktu pagi Engkau mendengar seruanku.
130|RATAPAN 3:23|Tak berkesudahan kasih setia Tuhan.
131|MAZMUR 5:3|Pada waktu pagi Engkau mendengar seruanku.
132|YESAYA 40:31|Tetapi orang-orang yang menanti-nantikan TUHAN mendapat kekuatan baru.
133|MAZMUR 5:3|Pada waktu pagi Engkau mendengar seruanku.
134|RATAPAN 3:23|Tak berkesudahan kasih setia Tuhan.
135|YESAYA 40:31|Tetapi orang-orang yang menanti-nantikan TUHAN mendapat kekuatan baru.
136|MAZMUR 5:3|Pada waktu pagi Engkau mendengar seruanku.
137|YESAYA 40:31|Tetapi orang-orang yang menanti-nantikan TUHAN mendapat kekuatan baru.
138|RATAPAN 3:23|Tak berkesudahan kasih setia Tuhan.
139|YESAYA 40:31|Tetapi orang-orang yang menanti-nantikan TUHAN mendapat kekuatan baru.
140|MAZMUR 5:3|Pada waktu pagi Engkau mendengar seruanku.
141|YESAYA 40:31|Tetapi orang-orang yang menanti-nantikan TUHAN mendapat kekuatan baru.
142|MAZMUR 5:3|Pada waktu pagi Engkau mendengar seruanku.
143|RATAPAN 3:23|Tak berkesudahan kasih setia Tuhan.
144|YESAYA 40:31|Tetapi orang-orang yang menanti-nantikan TUHAN mendapat kekuatan baru.
145|RATAPAN 3:23|Tak berkesudahan kasih setia Tuhan.
146|MAZMUR 5:3|Pada waktu pagi Engkau mendengar seruanku.
147|RATAPAN 3:23|Tak berkesudahan kasih setia Tuhan.
148|YESAYA 40:31|Tetapi orang-orang yang menanti-nantikan TUHAN mendapat kekuatan baru.
149|RATAPAN 3:23|Tak berkesudahan kasih setia Tuhan.
150|YESAYA 40:31|Tetapi orang-orang yang menanti-nantikan TUHAN mendapat kekuatan baru.
151|MAZMUR 5:3|Pada waktu pagi Engkau mendengar seruanku.
152|YESAYA 40:31|Tetapi orang-orang yang menanti-nantikan TUHAN mendapat kekuatan baru.
153|MAZMUR 5:3|Pada waktu pagi Engkau mendengar seruanku.
154|RATAPAN 3:23|Tak berkesudahan kasih setia Tuhan.
155|MAZMUR 5:3|Pada waktu pagi Engkau mendengar seruanku.
156|YESAYA 40:31|Tetapi orang-orang yang menanti-nantikan TUHAN mendapat kekuatan baru.
157|RATAPAN 3:23|Tak berkesudahan kasih setia Tuhan.
158|MAZMUR 5:3|Pada waktu pagi Engkau mendengar seruanku.
159|YESAYA 40:31|Tetapi orang-orang yang menanti-nantikan TUHAN mendapat kekuatan baru.
160|RATAPAN 3:23|Tak berkesudahan kasih setia Tuhan.
161|YESAYA 40:31|Tetapi orang-orang yang menanti-nantikan TUHAN mendapat kekuatan baru.
162|RATAPAN 3:23|Tak berkesudahan kasih setia Tuhan.
163|MAZMUR 5:3|Pada waktu pagi Engkau mendengar seruanku.
164|YESAYA 40:31|Tetapi orang-orang yang menanti-nantikan TUHAN mendapat kekuatan baru.
165|RATAPAN 3:23|Tak berkesudahan kasih setia Tuhan.
166|MAZMUR 5:3|Pada waktu pagi Engkau mendengar seruanku.
167|YESAYA 40:31|Tetapi orang-orang yang menanti-nantikan TUHAN mendapat kekuatan baru.
168|RATAPAN 3:23|Tak berkesudahan kasih setia Tuhan.
169|YESAYA 40:31|Tetapi orang-orang yang menanti-nantikan TUHAN mendapat kekuatan baru.
170|RATAPAN 3:23|Tak berkesudahan kasih setia Tuhan.
171|MAZMUR 5:3|Pada waktu pagi Engkau mendengar seruanku.
172|YESAYA 40:31|Tetapi orang-orang yang menanti-nantikan TUHAN mendapat kekuatan baru.
173|RATAPAN 3:23|Tak berkesudahan kasih setia Tuhan.
174|MAZMUR 5:3|Pada waktu pagi Engkau mendengar seruanku.
175|YESAYA 40:31|Tetapi orang-orang yang menanti-nantikan TUHAN mendapat kekuatan baru.
176|RATAPAN 3:23|Tak berkesudahan kasih setia Tuhan.
177|YESAYA 40:31|Tetapi orang-orang yang menanti-nantikan TUHAN mendapat kekuatan baru.
178|RATAPAN 3:23|Tak berkesudahan kasih setia Tuhan.
179|MAZMUR 5:3|Pada waktu pagi Engkau mendengar seruanku.
180|RATAPAN 3:23|Tak berkesudahan kasih setia Tuhan.
181|YESAYA 40:31|Tetapi orang-orang yang menanti-nantikan TUHAN mendapat kekuatan baru.
182|RATAPAN 3:23|Tak berkesudahan kasih setia Tuhan.
183|MAZMUR 5:3|Pada waktu pagi Engkau mendengar seruanku.
184|YESAYA 40:31|Tetapi orang-orang yang menanti-nantikan TUHAN mendapat kekuatan baru.
185|RATAPAN 3:23|Tak berkesudahan kasih setia Tuhan.
186|MAZMUR 5:3|Pada waktu pagi Engkau mendengar seruanku.
187|RATAPAN 3:23|Tak berkesudahan kasih setia Tuhan.
188|YESAYA 40:31|Tetapi orang-orang yang menanti-nantikan TUHAN mendapat kekuatan baru.
189|MAZMUR 5:3|Pada waktu pagi Engkau mendengar seruanku.
190|RATAPAN 3:23|Tak berkesudahan kasih setia Tuhan.
191|YESAYA 40:31|Tetapi orang-orang yang menanti-nantikan TUHAN mendapat kekuatan baru.
192|MAZMUR 5:3|Pada waktu pagi Engkau mendengar seruanku.
193|YESAYA 40:31|Tetapi orang-orang yang menanti-nantikan TUHAN mendapat kekuatan baru.
194|RATAPAN 3:23|Tak berkesudahan kasih setia Tuhan.
195|MAZMUR 5:3|Pada waktu pagi Engkau mendengar seruanku.
196|RATAPAN 3:23|Tak berkesudahan kasih setia Tuhan.
197|YESAYA 40:31|Tetapi orang-orang yang menanti-nantikan TUHAN mendapat kekuatan baru.
198|RATAPAN 3:23|Tak berkesudahan kasih setia Tuhan.
199|YESAYA 40:31|Tetapi orang-orang yang menanti-nantikan TUHAN mendapat kekuatan baru.
200|MAZMUR 5:3|Pada waktu pagi Engkau mendengar seruanku.
201|RATAPAN 3:23|Tak berkesudahan kasih setia Tuhan.
202|YESAYA 40:31|Tetapi orang-orang yang menanti-nantikan TUHAN mendapat kekuatan baru.
203|MAZMUR 5:3|Pada waktu pagi Engkau mendengar seruanku.
204|YESAYA 40:31|Tetapi orang-orang yang menanti-nantikan TUHAN mendapat kekuatan baru.
205|RATAPAN 3:23|Tak berkesudahan kasih setia Tuhan.
206|YESAYA 40:31|Tetapi orang-orang yang menanti-nantikan TUHAN mendapat kekuatan baru.
207|MAZMUR 5:3|Pada waktu pagi Engkau mendengar seruanku.
208|YESAYA 40:31|Tetapi orang-orang yang menanti-nantikan TUHAN mendapat kekuatan baru.
209|MAZMUR 5:3|Pada waktu pagi Engkau mendengar seruanku.
210|RATAPAN 3:23|Tak berkesudahan kasih setia Tuhan.
211|MAZMUR 5:3|Pada waktu pagi Engkau mendengar seruanku.
212|YESAYA 40:31|Tetapi orang-orang yang menanti-nantikan TUHAN mendapat kekuatan baru.
213|RATAPAN 3:23|Tak berkesudahan kasih setia Tuhan.
214|MAZMUR 5:3|Pada waktu pagi Engkau mendengar seruanku.
215|YESAYA 40:31|Tetapi orang-orang yang menanti-nantikan TUHAN mendapat kekuatan baru.
216|RATAPAN 3:23|Tak berkesudahan kasih setia Tuhan.
217|YESAYA 40:31|Tetapi orang-orang yang menanti-nantikan TUHAN mendapat kekuatan baru.
218|MAZMUR 5:3|Pada waktu pagi Engkau mendengar seruanku.
219|RATAPAN 3:23|Tak berkesudahan kasih setia Tuhan.
220|YESAYA 40:31|Tetapi orang-orang yang menanti-nantikan TUHAN mendapat kekuatan baru.
221|RATAPAN 3:23|Tak berkesudahan kasih setia Tuhan.
222|YESAYA 40:31|Tetapi orang-orang yang menanti-nantikan TUHAN mendapat kekuatan baru.
223|MAZMUR 5:3|Pada waktu pagi Engkau mendengar seruanku.
224|RATAPAN 3:23|Tak berkesudahan kasih setia Tuhan.
225|YESAYA 40:31|Tetapi orang-orang yang menanti-nantikan TUHAN mendapat kekuatan baru.
226|MAZMUR 5:3|Pada waktu pagi Engkau mendengar seruanku.
227|RATAPAN 3:23|Tak berkesudahan kasih setia Tuhan.
228|YESAYA 40:31|Tetapi orang-orang yang menanti-nantikan TUHAN mendapat kekuatan baru.
229|MAZMUR 5:3|Pada waktu pagi Engkau mendengar seruanku.
230|RATAPAN 3:23|Tak berkesudahan kasih setia Tuhan.
231|YESAYA 40:31|Tetapi orang-orang yang menanti-nantikan TUHAN mendapat kekuatan baru.
232|MAZMUR 5:3|Pada waktu pagi Engkau mendengar seruanku.
233|YESAYA 40:31|Tetapi orang-orang yang menanti-nantikan TUHAN mendapat kekuatan baru.
234|RATAPAN 3:23|Tak berkesudahan kasih setia Tuhan.
235|MAZMUR 5:3|Pada waktu pagi Engkau mendengar seruanku.
236|YESAYA 40:31|Tetapi orang-orang yang menanti-nantikan TUHAN mendapat kekuatan baru.
237|RATAPAN 3:23|Tak berkesudahan kasih setia Tuhan.
238|MAZMUR 5:3|Pada waktu pagi Engkau mendengar seruanku.
239|YESAYA 40:31|Tetapi orang-orang yang menanti-nantikan TUHAN mendapat kekuatan baru.
240|MAZMUR 5:3|Pada waktu pagi Engkau mendengar seruanku.
241|RATAPAN 3:23|Tak berkesudahan kasih setia Tuhan.
242|YESAYA 40:31|Tetapi orang-orang yang menanti-nantikan TUHAN mendapat kekuatan baru.
243|MAZMUR 5:3|Pada waktu pagi Engkau mendengar seruanku.
244|RATAPAN 3:23|Tak berkesudahan kasih setia Tuhan.
245|MAZMUR 5:3|Pada waktu pagi Engkau mendengar seruanku.
246|YESAYA 40:31|Tetapi orang-orang yang menanti-nantikan TUHAN mendapat kekuatan baru.
247|RATAPAN 3:23|Tak berkesudahan kasih setia Tuhan.
248|MAZMUR 5:3|Pada waktu pagi Engkau mendengar seruanku.
249|YESAYA 40:31|Tetapi orang-orang yang menanti-nantikan TUHAN mendapat kekuatan baru.
250|MAZMUR 5:3|Pada waktu pagi Engkau mendengar seruanku.
251|RATAPAN 3:23|Tak berkesudahan kasih setia Tuhan.
252|MAZMUR 5:3|Pada waktu pagi Engkau mendengar seruanku.
253|RATAPAN 3:23|Tak berkesudahan kasih setia Tuhan.
254|YESAYA 40:31|Tetapi orang-orang yang menanti-nantikan TUHAN mendapat kekuatan baru.
255|RATAPAN 3:23|Tak berkesudahan kasih setia Tuhan.
256|MAZMUR 5:3|Pada waktu pagi Engkau mendengar seruanku.
257|YESAYA 40:31|Tetapi orang-orang yang menanti-nantikan TUHAN mendapat kekuatan baru.
258|RATAPAN 3:23|Tak berkesudahan kasih setia Tuhan.
259|MAZMUR 5:3|Pada waktu pagi Engkau mendengar seruanku.
260|YESAYA 40:31|Tetapi orang-orang yang menanti-nantikan TUHAN mendapat kekuatan baru.
261|RATAPAN 3:23|Tak berkesudahan kasih setia Tuhan.
262|YESAYA 40:31|Tetapi orang-orang yang menanti-nantikan TUHAN mendapat kekuatan baru.
263|MAZMUR 5:3|Pada waktu pagi Engkau mendengar seruanku.
264|YESAYA 40:31|Tetapi orang-orang yang menanti-nantikan TUHAN mendapat kekuatan baru.
265|RATAPAN 3:23|Tak berkesudahan kasih setia Tuhan.
266|MAZMUR 5:3|Pada waktu pagi Engkau mendengar seruanku.
267|YESAYA 40:31|Tetapi orang-orang yang menanti-nantikan TUHAN mendapat kekuatan baru.
268|RATAPAN 3:23|Tak berkesudahan kasih setia Tuhan.
269|MAZMUR 5:3|Pada waktu pagi Engkau mendengar seruanku.
270|YESAYA 40:31|Tetapi orang-orang yang menanti-nantikan TUHAN mendapat kekuatan baru.
271|RATAPAN 3:23|Tak berkesudahan kasih setia Tuhan.
272|MAZMUR 5:3|Pada waktu pagi Engkau mendengar seruanku.
273|RATAPAN 3:23|Tak berkesudahan kasih setia Tuhan.
274|YESAYA 40:31|Tetapi orang-orang yang menanti-nantikan TUHAN mendapat kekuatan baru.
275|RATAPAN 3:23|Tak berkesudahan kasih setia Tuhan.
276|MAZMUR 5:3|Pada waktu pagi Engkau mendengar seruanku.
277|YESAYA 40:31|Tetapi orang-orang yang menanti-nantikan TUHAN mendapat kekuatan baru.
278|MAZMUR 5:3|Pada waktu pagi Engkau mendengar seruanku.
279|YESAYA 40:31|Tetapi orang-orang yang menanti-nantikan TUHAN mendapat kekuatan baru.
280|RATAPAN 3:23|Tak berkesudahan kasih setia Tuhan.
281|YESAYA 40:31|Tetapi orang-orang yang menanti-nantikan TUHAN mendapat kekuatan baru.
282|MAZMUR 5:3|Pada waktu pagi Engkau mendengar seruanku.
283|YESAYA 40:31|Tetapi orang-orang yang menanti-nantikan TUHAN mendapat kekuatan baru.
284|MAZMUR 5:3|Pada waktu pagi Engkau mendengar seruanku.
285|RATAPAN 3:23|Tak berkesudahan kasih setia Tuhan.
286|YESAYA 40:31|Tetapi orang-orang yang menanti-nantikan TUHAN mendapat kekuatan baru.
287|MAZMUR 5:3|Pada waktu pagi Engkau mendengar seruanku.
288|YESAYA 40:31|Tetapi orang-orang yang menanti-nantikan TUHAN mendapat kekuatan baru.
289|MAZMUR 5:3|Pada waktu pagi Engkau mendengar seruanku.
290|RATAPAN 3:23|Tak berkesudahan kasih setia Tuhan.
291|YESAYA 40:31|Tetapi orang-orang yang menanti-nantikan TUHAN mendapat kekuatan baru.
292|MAZMUR 5:3|Pada waktu pagi Engkau mendengar seruanku.
293|RATAPAN 3:23|Tak berkesudahan kasih setia Tuhan.
294|YESAYA 40:31|Tetapi orang-orang yang menanti-nantikan TUHAN mendapat kekuatan baru.
295|MAZMUR 5:3|Pada waktu pagi Engkau mendengar seruanku.
296|YESAYA 40:31|Tetapi orang-orang yang menanti-nantikan TUHAN mendapat kekuatan baru.
297|MAZMUR 5:3|Pada waktu pagi Engkau mendengar seruanku.
298|RATAPAN 3:23|Tak berkesudahan kasih setia Tuhan.
299|YESAYA 40:31|Tetapi orang-orang yang menanti-nantikan TUHAN mendapat kekuatan baru.
300|MAZMUR 5:3|Pada waktu pagi Engkau mendengar seruanku.
301|YESAYA 40:31|Tetapi orang-orang yang menanti-nantikan TUHAN mendapat kekuatan baru.
302|RATAPAN 3:23|Tak berkesudahan kasih setia Tuhan.
303|MAZMUR 5:3|Pada waktu pagi Engkau mendengar seruanku.
304|RATAPAN 3:23|Tak berkesudahan kasih setia Tuhan.
305|YESAYA 40:31|Tetapi orang-orang yang menanti-nantikan TUHAN mendapat kekuatan baru.
306|RATAPAN 3:23|Tak berkesudahan kasih setia Tuhan.
307|MAZMUR 5:3|Pada waktu pagi Engkau mendengar seruanku.
308|RATAPAN 3:23|Tak berkesudahan kasih setia Tuhan.
309|YESAYA 40:31|Tetapi orang-orang yang menanti-nantikan TUHAN mendapat kekuatan baru.
310|MAZMUR 5:3|Pada waktu pagi Engkau mendengar seruanku.
311|YESAYA 40:31|Tetapi orang-orang yang menanti-nantikan TUHAN mendapat kekuatan baru.
312|RATAPAN 3:23|Tak berkesudahan kasih setia Tuhan.
313|YESAYA 40:31|Tetapi orang-orang yang menanti-nantikan TUHAN mendapat kekuatan baru.
314|RATAPAN 3:23|Tak berkesudahan kasih setia Tuhan.
315|MAZMUR 5:3|Pada waktu pagi Engkau mendengar seruanku.
316|RATAPAN 3:23|Tak berkesudahan kasih setia Tuhan.
317|YESAYA 40:31|Tetapi orang-orang yang menanti-nantikan TUHAN mendapat kekuatan baru.
318|MAZMUR 5:3|Pada waktu pagi Engkau mendengar seruanku.
319|RATAPAN 3:23|Tak berkesudahan kasih setia Tuhan.
320|YESAYA 40:31|Tetapi orang-orang yang menanti-nantikan TUHAN mendapat kekuatan baru.
321|RATAPAN 3:23|Tak berkesudahan kasih setia Tuhan.
322|YESAYA 40:31|Tetapi orang-orang yang menanti-nantikan TUHAN mendapat kekuatan baru.
323|MAZMUR 5:3|Pada waktu pagi Engkau mendengar seruanku.
324|RATAPAN 3:23|Tak berkesudahan kasih setia Tuhan.
325|YESAYA 40:31|Tetapi orang-orang yang menanti-nantikan TUHAN mendapat kekuatan baru.
326|MAZMUR 5:3|Pada waktu pagi Engkau mendengar seruanku.
327|RATAPAN 3:23|Tak berkesudahan kasih setia Tuhan.
328|YESAYA 40:31|Tetapi orang-orang yang menanti-nantikan TUHAN mendapat kekuatan baru.
329|MAZMUR 5:3|Pada waktu pagi Engkau mendengar seruanku.
330|RATAPAN 3:23|Tak berkesudahan kasih setia Tuhan.
331|YESAYA 40:31|Tetapi orang-orang yang menanti-nantikan TUHAN mendapat kekuatan baru.
332|MAZMUR 5:3|Pada waktu pagi Engkau mendengar seruanku.
333|RATAPAN 3:23|Tak berkesudahan kasih setia Tuhan.
334|YESAYA 40:31|Tetapi orang-orang yang menanti-nantikan TUHAN mendapat kekuatan baru.
335|RATAPAN 3:23|Tak berkesudahan kasih setia Tuhan.
336|MAZMUR 5:3|Pada waktu pagi Engkau mendengar seruanku.
337|YESAYA 40:31|Tetapi orang-orang yang menanti-nantikan TUHAN mendapat kekuatan baru.
338|MAZMUR 5:3|Pada waktu pagi Engkau mendengar seruanku.
339|RATAPAN 3:23|Tak berkesudahan kasih setia Tuhan.
340|YESAYA 40:31|Tetapi orang-orang yang menanti-nantikan TUHAN mendapat kekuatan baru.
341|RATAPAN 3:23|Tak berkesudahan kasih setia Tuhan.
342|YESAYA 40:31|Tetapi orang-orang yang menanti-nantikan TUHAN mendapat kekuatan baru.
343|MAZMUR 5:3|Pada waktu pagi Engkau mendengar seruanku.
344|RATAPAN 3:23|Tak berkesudahan kasih setia Tuhan.
345|YESAYA 40:31|Tetapi orang-orang yang menanti-nantikan TUHAN mendapat kekuatan baru.
346|MAZMUR 5:3|Pada waktu pagi Engkau mendengar seruanku.
347|RATAPAN 3:23|Tak berkesudahan kasih setia Tuhan.
348|MAZMUR 5:3|Pada waktu pagi Engkau mendengar seruanku.
349|YESAYA 40:31|Tetapi orang-orang yang menanti-nantikan TUHAN mendapat kekuatan baru.
350|RATAPAN 3:23|Tak berkesudahan kasih setia Tuhan.
351|YESAYA 40:31|Tetapi orang-orang yang menanti-nantikan TUHAN mendapat kekuatan baru.
352|MAZMUR 5:3|Pada waktu pagi Engkau mendengar seruanku.
353|YESAYA 40:31|Tetapi orang-orang yang menanti-nantikan TUHAN mendapat kekuatan baru.
354|RATAPAN 3:23|Tak berkesudahan kasih setia Tuhan.
355|YESAYA 40:31|Tetapi orang-orang yang menanti-nantikan TUHAN mendapat kekuatan baru.
356|MAZMUR 5:3|Pada waktu pagi Engkau mendengar seruanku.
357|RATAPAN 3:23|Tak berkesudahan kasih setia Tuhan.
358|YESAYA 40:31|Tetapi orang-orang yang menanti-nantikan TUHAN mendapat kekuatan baru.
359|MAZMUR 5:3|Pada waktu pagi Engkau mendengar seruanku.
360|YESAYA 40:31|Tetapi orang-orang yang menanti-nantikan TUHAN mendapat kekuatan baru.
361|MAZMUR 5:3|Pada waktu pagi Engkau mendengar seruanku.
362|RATAPAN 3:23|Tak berkesudahan kasih setia Tuhan.
363|MAZMUR 5:3|Pada waktu pagi Engkau mendengar seruanku.
364|YESAYA 40:31|Tetapi orang-orang yang menanti-nantikan TUHAN mendapat kekuatan baru.
365|MAZMUR 5:3|Pada waktu pagi Engkau mendengar seruanku.
