1|AMSAL 3:5|Percayalah kepada TUHAN dengan segenap hatimu.
2|YOSUA 1:9|Kuatkan dan teguhkanlah hatimu.
3|FILIPI 4:13|Segala perkara dapat kutanggung di dalam Dia.
4|AMSAL 3:5|Percayalah kepada TUHAN dengan segenap hatimu.
5|YOSUA 1:9|Kuatkan dan teguhkanlah hatimu.
6|FILIPI 4:13|Segala perkara dapat kutanggung di dalam Dia.
7|YOSUA 1:9|Kuatkan dan teguhkanlah hatimu.
8|AMSAL 3:5|Percayalah kepada TUHAN dengan segenap hatimu.
9|FILIPI 4:13|Segala perkara dapat kutanggung di dalam Dia.
10|YOSUA 1:9|Kuatkan dan teguhkanlah hatimu.
11|AMSAL 3:5|Percayalah kepada TUHAN dengan segenap hatimu.
12|FILIPI 4:13|Segala perkara dapat kutanggung di dalam Dia.
13|YOSUA 1:9|Kuatkan dan teguhkanlah hatimu.
14|AMSAL 3:5|Percayalah kepada TUHAN dengan segenap hatimu.
15|YOSUA 1:9|Kuatkan dan teguhkanlah hatimu.
16|FILIPI 4:13|Segala perkara dapat kutanggung di dalam Dia.
17|AMSAL 3:5|Percayalah kepada TUHAN dengan segenap hatimu.
18|YOSUA 1:9|Kuatkan dan teguhkanlah hatimu.
19|FILIPI 4:13|Segala perkara dapat kutanggung di dalam Dia.
20|AMSAL 3:5|Percayalah kepada TUHAN dengan segenap hatimu.
21|YOSUA 1:9|Kuatkan dan teguhkanlah hatimu.
22|AMSAL 3:5|Percayalah kepada TUHAN dengan segenap hatimu.
23|YOSUA 1:9|Kuatkan dan teguhkanlah hatimu.
24|FILIPI 4:13|Segala perkara dapat kutanggung di dalam Dia.
25|AMSAL 3:5|Percayalah kepada TUHAN dengan segenap hatimu.
26|YOSUA 1:9|Kuatkan dan teguhkanlah hatimu.
27|AMSAL 3:5|Percayalah kepada TUHAN dengan segenap hatimu.
28|FILIPI 4:13|Segala perkara dapat kutanggung di dalam Dia.
29|YOSUA 1:9|Kuatkan dan teguhkanlah hatimu.
30|FILIPI 4:13|Segala perkara dapat kutanggung di dalam Dia.
31|AMSAL 3:5|Percayalah kepada TUHAN dengan segenap hatimu.
32|YOSUA 1:9|Kuatkan dan teguhkanlah hatimu.
33|FILIPI 4:13|Segala perkara dapat kutanggung di dalam Dia.
34|AMSAL 3:5|Percayalah kepada TUHAN dengan segenap hatimu.
35|FILIPI 4:13|Segala perkara dapat kutanggung di dalam Dia.
36|YOSUA 1:9|Kuatkan dan teguhkanlah hatimu.
37|AMSAL 3:5|Percayalah kepada TUHAN dengan segenap hatimu.
38|FILIPI 4:13|Segala perkara dapat kutanggung di dalam Dia.
39|AMSAL 3:5|Percayalah kepada TUHAN dengan segenap hatimu.
40|YOSUA 1:9|Kuatkan dan teguhkanlah hatimu.
41|FILIPI 4:13|Segala perkara dapat kutanggung di dalam Dia.
42|YOSUA 1:9|Kuatkan dan teguhkanlah hatimu.
43|AMSAL 3:5|Percayalah kepada TUHAN dengan segenap hatimu.
44|FILIPI 4:13|Segala perkara dapat kutanggung di dalam Dia.
45|YOSUA 1:9|Kuatkan dan teguhkanlah hatimu.
46|AMSAL 3:5|Percayalah kepada TUHAN dengan segenap hatimu.
47|FILIPI 4:13|Segala perkara dapat kutanggung di dalam Dia.
48|YOSUA 1:9|Kuatkan dan teguhkanlah hatimu.
49|FILIPI 4:13|Segala perkara dapat kutanggung di dalam Dia.
50|YOSUA 1:9|Kuatkan dan teguhkanlah hatimu.
51|AMSAL 3:5|Percayalah kepada TUHAN dengan segenap hatimu.
52|FILIPI 4:13|Segala perkara dapat kutanggung di dalam Dia.
53|AMSAL 3:5|Percayalah kepada TUHAN dengan segenap hatimu.
54|YOSUA 1:9|Kuatkan dan teguhkanlah hatimu.
55|FILIPI 4:13|Segala perkara dapat kutanggung di dalam Dia.
56|AMSAL 3:5|Percayalah kepada TUHAN dengan segenap hatimu.
57|FILIPI 4:13|Segala perkara dapat kutanggung di dalam Dia.
58|AMSAL 3:5|Percayalah kepada TUHAN dengan segenap hatimu.
59|YOSUA 1:9|Kuatkan dan teguhkanlah hatimu.
60|FILIPI 4:13|Segala perkara dapat kutanggung di dalam Dia.
61|YOSUA 1:9|Kuatkan dan teguhkanlah hatimu.
62|AMSAL 3:5|Percayalah kepada TUHAN dengan segenap hatimu.
63|YOSUA 1:9|Kuatkan dan teguhkanlah hatimu.
64|AMSAL 3:5|Percayalah kepada TUHAN dengan segenap hatimu.
65|FILIPI 4:13|Segala perkara dapat kutanggung di dalam Dia.
66|YOSUA 1:9|Kuatkan dan teguhkanlah hatimu.
67|AMSAL 3:5|Percayalah kepada TUHAN dengan segenap hatimu.
68|FILIPI 4:13|Segala perkara dapat kutanggung di dalam Dia.
69|AMSAL 3:5|Percayalah kepada TUHAN dengan segenap hatimu.
70|YOSUA 1:9|Kuatkan dan teguhkanlah hatimu.
71|FILIPI 4:13|Segala perkara dapat kutanggung di dalam Dia.
72|YOSUA 1:9|Kuatkan dan teguhkanlah hatimu.
73|AMSAL 3:5|Percayalah kepada TUHAN dengan segenap hatimu.
74|FILIPI 4:13|Segala perkara dapat kutanggung di dalam Dia.
75|AMSAL 3:5|Percayalah kepada TUHAN dengan segenap hatimu.
76|YOSUA 1:9|Kuatkan dan teguhkanlah hatimu.
77|FILIPI 4:13|Segala perkara dapat kutanggung di dalam Dia.
78|AMSAL 3:5|Percayalah kepada TUHAN dengan segenap hatimu.
79|FILIPI 4:13|Segala perkara dapat kutanggung di dalam Dia.
80|YOSUA 1:9|Kuatkan dan teguhkanlah hatimu.
81|FILIPI 4:13|Segala perkara dapat kutanggung di dalam Dia.
82|AMSAL 3:5|Percayalah kepada TUHAN dengan segenap hatimu.
83|FILIPI 4:13|Segala perkara dapat kutanggung di dalam Dia.
84|YOSUA 1:9|Kuatkan dan teguhkanlah hatimu.
85|AMSAL 3:5|Percayalah kepada TUHAN dengan segenap hatimu.
86|YOSUA 1:9|Kuatkan dan teguhkanlah hatimu.
87|FILIPI 4:13|Segala perkara dapat kutanggung di dalam Dia.
88|YOSUA 1:9|Kuatkan dan teguhkanlah hatimu.
89|AMSAL 3:5|Percayalah kepada TUHAN dengan segenap hatimu.
90|FILIPI 4:13|Segala perkara dapat kutanggung di dalam Dia.
91|YOSUA 1:9|Kuatkan dan teguhkanlah hatimu.
92|AMSAL 3:5|Percayalah kepada TUHAN dengan segenap hatimu.
93|FILIPI 4:13|Segala perkara dapat kutanggung di dalam Dia.
94|AMSAL 3:5|Percayalah kepada TUHAN dengan segenap hatimu.
95|YOSUA 1:9|Kuatkan dan teguhkanlah hatimu.
96|FILIPI 4:13|Segala perkara dapat kutanggung di dalam Dia.
97|AMSAL 3:5|Percayalah kepada TUHAN dengan segenap hatimu.
98|FILIPI 4:13|Segala perkara dapat kutanggung di dalam Dia.
99|AMSAL 3:5|Percayalah kepada TUHAN dengan segenap hatimu.
100|YOSUA 1:9|Kuatkan dan teguhkanlah hatimu.
101|AMSAL 3:5|Percayalah kepada TUHAN dengan segenap hatimu.
102|FILIPI 4:13|Segala perkara dapat kutanggung di dalam Dia.
103|YOSUA 1:9|Kuatkan dan teguhkanlah hatimu.
104|AMSAL 3:5|Percayalah kepada TUHAN dengan segenap hatimu.
105|YOSUA 1:9|Kuatkan dan teguhkanlah hatimu.
106|FILIPI 4:13|Segala perkara dapat kutanggung di dalam Dia.
107|AMSAL 3:5|Percayalah kepada TUHAN dengan segenap hatimu.
108|FILIPI 4:13|Segala perkara dapat kutanggung di dalam Dia.
109|YOSUA 1:9|Kuatkan dan teguhkanlah hatimu.
110|AMSAL 3:5|Percayalah kepada TUHAN dengan segenap hatimu.
111|YOSUA 1:9|Kuatkan dan teguhkanlah hatimu.
112|FILIPI 4:13|Segala perkara dapat kutanggung di dalam Dia.
113|AMSAL 3:5|Percayalah kepada TUHAN dengan segenap hatimu.
114|YOSUA 1:9|Kuatkan dan teguhkanlah hatimu.
115|FILIPI 4:13|Segala perkara dapat kutanggung di dalam Dia.
116|AMSAL 3:5|Percayalah kepada TUHAN dengan segenap hatimu.
117|YOSUA 1:9|Kuatkan dan teguhkanlah hatimu.
118|FILIPI 4:13|Segala perkara dapat kutanggung di dalam Dia.
119|AMSAL 3:5|Percayalah kepada TUHAN dengan segenap hatimu.
120|YOSUA 1:9|Kuatkan dan teguhkanlah hatimu.
121|FILIPI 4:13|Segala perkara dapat kutanggung di dalam Dia.
122|YOSUA 1:9|Kuatkan dan teguhkanlah hatimu.
123|AMSAL 3:5|Percayalah kepada TUHAN dengan segenap hatimu.
124|FILIPI 4:13|Segala perkara dapat kutanggung di dalam Dia.
125|YOSUA 1:9|Kuatkan dan teguhkanlah hatimu.
126|AMSAL 3:5|Percayalah kepada TUHAN dengan segenap hatimu.
127|YOSUA 1:9|Kuatkan dan teguhkanlah hatimu.
128|AMSAL 3:5|Percayalah kepada TUHAN dengan segenap hatimu.
129|FILIPI 4:13|Segala perkara dapat kutanggung di dalam Dia.
130|AMSAL 3:5|Percayalah kepada TUHAN dengan segenap hatimu.
131|FILIPI 4:13|Segala perkara dapat kutanggung di dalam Dia.
132|YOSUA 1:9|Kuatkan dan teguhkanlah hatimu.
133|FILIPI 4:13|Segala perkara dapat kutanggung di dalam Dia.
134|YOSUA 1:9|Kuatkan dan teguhkanlah hatimu.
135|AMSAL 3:5|Percayalah kepada TUHAN dengan segenap hatimu.
136|FILIPI 4:13|Segala perkara dapat kutanggung di dalam Dia.
137|AMSAL 3:5|Percayalah kepada TUHAN dengan segenap hatimu.
138|YOSUA 1:9|Kuatkan dan teguhkanlah hatimu.
139|FILIPI 4:13|Segala perkara dapat kutanggung di dalam Dia.
140|AMSAL 3:5|Percayalah kepada TUHAN dengan segenap hatimu.
141|YOSUA 1:9|Kuatkan dan teguhkanlah hatimu.
142|FILIPI 4:13|Segala perkara dapat kutanggung di dalam Dia.
143|YOSUA 1:9|Kuatkan dan teguhkanlah hatimu.
144|AMSAL 3:5|Percayalah kepada TUHAN dengan segenap hatimu.
145|FILIPI 4:13|Segala perkara dapat kutanggung di dalam Dia.
146|YOSUA 1:9|Kuatkan dan teguhkanlah hatimu.
147|AMSAL 3:5|Percayalah kepada TUHAN dengan segenap hatimu.
148|FILIPI 4:13|Segala perkara dapat kutanggung di dalam Dia.
149|YOSUA 1:9|Kuatkan dan teguhkanlah hatimu.
150|AMSAL 3:5|Percayalah kepada TUHAN dengan segenap hatimu.
151|FILIPI 4:13|Segala perkara dapat kutanggung di dalam Dia.
152|YOSUA 1:9|Kuatkan dan teguhkanlah hatimu.
153|AMSAL 3:5|Percayalah kepada TUHAN dengan segenap hatimu.
154|YOSUA 1:9|Kuatkan dan teguhkanlah hatimu.
155|FILIPI 4:13|Segala perkara dapat kutanggung di dalam Dia.
156|AMSAL 3:5|Percayalah kepada TUHAN dengan segenap hatimu.
157|FILIPI 4:13|Segala perkara dapat kutanggung di dalam Dia.
158|YOSUA 1:9|Kuatkan dan teguhkanlah hatimu.
159|AMSAL 3:5|Percayalah kepada TUHAN dengan segenap hatimu.
160|FILIPI 4:13|Segala perkara dapat kutanggung di dalam Dia.
161|YOSUA 1:9|Kuatkan dan teguhkanlah hatimu.
162|AMSAL 3:5|Percayalah kepada TUHAN dengan segenap hatimu.
163|YOSUA 1:9|Kuatkan dan teguhkanlah hatimu.
164|FILIPI 4:13|Segala perkara dapat kutanggung di dalam Dia.
165|AMSAL 3:5|Percayalah kepada TUHAN dengan segenap hatimu.
166|YOSUA 1:9|Kuatkan dan teguhkanlah hatimu.
167|FILIPI 4:13|Segala perkara dapat kutanggung di dalam Dia.
168|AMSAL 3:5|Percayalah kepada TUHAN dengan segenap hatimu.
169|YOSUA 1:9|Kuatkan dan teguhkanlah hatimu.
170|AMSAL 3:5|Percayalah kepada TUHAN dengan segenap hatimu.
171|FILIPI 4:13|Segala perkara dapat kutanggung di dalam Dia.
172|YOSUA 1:9|Kuatkan dan teguhkanlah hatimu.
173|FILIPI 4:13|Segala perkara dapat kutanggung di dalam Dia.
174|AMSAL 3:5|Percayalah kepada TUHAN dengan segenap hatimu.
175|YOSUA 1:9|Kuatkan dan teguhkanlah hatimu.
176|FILIPI 4:13|Segala perkara dapat kutanggung di dalam Dia.
177|YOSUA 1:9|Kuatkan dan teguhkanlah hatimu.
178|AMSAL 3:5|Percayalah kepada TUHAN dengan segenap hatimu.
179|YOSUA 1:9|Kuatkan dan teguhkanlah hatimu.
180|FILIPI 4:13|Segala perkara dapat kutanggung di dalam Dia.
181|AMSAL 3:5|Percayalah kepada TUHAN dengan segenap hatimu.
182|YOSUA 1:9|Kuatkan dan teguhkanlah hatimu.
183|FILIPI 4:13|Segala perkara dapat kutanggung di dalam Dia.
184|YOSUA 1:9|Kuatkan dan teguhkanlah hatimu.
185|AMSAL 3:5|Percayalah kepada TUHAN dengan segenap hatimu.
186|FILIPI 4:13|Segala perkara dapat kutanggung di dalam Dia.
187|YOSUA 1:9|Kuatkan dan teguhkanlah hatimu.
188|FILIPI 4:13|Segala perkara dapat kutanggung di dalam Dia.
189|AMSAL 3:5|Percayalah kepada TUHAN dengan segenap hatimu.
190|FILIPI 4:13|Segala perkara dapat kutanggung di dalam Dia.
191|YOSUA 1:9|Kuatkan dan teguhkanlah hatimu.
192|AMSAL 3:5|Percayalah kepada TUHAN dengan segenap hatimu.
193|FILIPI 4:13|Segala perkara dapat kutanggung di dalam Dia.
194|YOSUA 1:9|Kuatkan dan teguhkanlah hatimu.
195|FILIPI 4:13|Segala perkara dapat kutanggung di dalam Dia.
196|AMSAL 3:5|Percayalah kepada TUHAN dengan segenap hatimu.
197|FILIPI 4:13|Segala perkara dapat kutanggung di dalam Dia.
198|AMSAL 3:5|Percayalah kepada TUHAN dengan segenap hatimu.
199|YOSUA 1:9|Kuatkan dan teguhkanlah hatimu.
200|FILIPI 4:13|Segala perkara dapat kutanggung di dalam Dia.
201|AMSAL 3:5|Percayalah kepada TUHAN dengan segenap hatimu.
202|YOSUA 1:9|Kuatkan dan teguhkanlah hatimu.
203|FILIPI 4:13|Segala perkara dapat kutanggung di dalam Dia.
204|AMSAL 3:5|Percayalah kepada TUHAN dengan segenap hatimu.
205|FILIPI 4:13|Segala perkara dapat kutanggung di dalam Dia.
206|YOSUA 1:9|Kuatkan dan teguhkanlah hatimu.
207|FILIPI 4:13|Segala perkara dapat kutanggung di dalam Dia.
208|YOSUA 1:9|Kuatkan dan teguhkanlah hatimu.
209|AMSAL 3:5|Percayalah kepada TUHAN dengan segenap hatimu.
210|YOSUA 1:9|Kuatkan dan teguhkanlah hatimu.
211|FILIPI 4:13|Segala perkara dapat kutanggung di dalam Dia.
212|AMSAL 3:5|Percayalah kepada TUHAN dengan segenap hatimu.
213|FILIPI 4:13|Segala perkara dapat kutanggung di dalam Dia.
214|YOSUA 1:9|Kuatkan dan teguhkanlah hatimu.
215|AMSAL 3:5|Percayalah kepada TUHAN dengan segenap hatimu.
216|FILIPI 4:13|Segala perkara dapat kutanggung di dalam Dia.
217|YOSUA 1:9|Kuatkan dan teguhkanlah hatimu.
218|AMSAL 3:5|Percayalah kepada TUHAN dengan segenap hatimu.
219|FILIPI 4:13|Segala perkara dapat kutanggung di dalam Dia.
220|YOSUA 1:9|Kuatkan dan teguhkanlah hatimu.
221|AMSAL 3:5|Percayalah kepada TUHAN dengan segenap hatimu.
222|YOSUA 1:9|Kuatkan dan teguhkanlah hatimu.
223|AMSAL 3:5|Percayalah kepada TUHAN dengan segenap hatimu.
224|FILIPI 4:13|Segala perkara dapat kutanggung di dalam Dia.
225|AMSAL 3:5|Percayalah kepada TUHAN dengan segenap hatimu.
226|FILIPI 4:13|Segala perkara dapat kutanggung di dalam Dia.
227|YOSUA 1:9|Kuatkan dan teguhkanlah hatimu.
228|AMSAL 3:5|Percayalah kepada TUHAN dengan segenap hatimu.
229|YOSUA 1:9|Kuatkan dan teguhkanlah hatimu.
230|FILIPI 4:13|Segala perkara dapat kutanggung di dalam Dia.
231|YOSUA 1:9|Kuatkan dan teguhkanlah hatimu.
232|AMSAL 3:5|Percayalah kepada TUHAN dengan segenap hatimu.
233|FILIPI 4:13|Segala perkara dapat kutanggung di dalam Dia.
234|YOSUA 1:9|Kuatkan dan teguhkanlah hatimu.
235|AMSAL 3:5|Percayalah kepada TUHAN dengan segenap hatimu.
236|FILIPI 4:13|Segala perkara dapat kutanggung di dalam Dia.
237|YOSUA 1:9|Kuatkan dan teguhkanlah hatimu.
238|FILIPI 4:13|Segala perkara dapat kutanggung di dalam Dia.
239|AMSAL 3:5|Percayalah kepada TUHAN dengan segenap hatimu.
240|YOSUA 1:9|Kuatkan dan teguhkanlah hatimu.
241|FILIPI 4:13|Segala perkara dapat kutanggung di dalam Dia.
242|AMSAL 3:5|Percayalah kepada TUHAN dengan segenap hatimu.
243|YOSUA 1:9|Kuatkan dan teguhkanlah hatimu.
244|FILIPI 4:13|Segala perkara dapat kutanggung di dalam Dia.
245|YOSUA 1:9|Kuatkan dan teguhkanlah hatimu.
246|AMSAL 3:5|Percayalah kepada TUHAN dengan segenap hatimu.
247|FILIPI 4:13|Segala perkara dapat kutanggung di dalam Dia.
248|YOSUA 1:9|Kuatkan dan teguhkanlah hatimu.
249|FILIPI 4:13|Segala perkara dapat kutanggung di dalam Dia.
250|AMSAL 3:5|Percayalah kepada TUHAN dengan segenap hatimu.
251|FILIPI 4:13|Segala perkara dapat kutanggung di dalam Dia.
252|AMSAL 3:5|Percayalah kepada TUHAN dengan segenap hatimu.
253|YOSUA 1:9|Kuatkan dan teguhkanlah hatimu.
254|AMSAL 3:5|Percayalah kepada TUHAN dengan segenap hatimu.
255|FILIPI 4:13|Segala perkara dapat kutanggung di dalam Dia.
256|AMSAL 3:5|Percayalah kepada TUHAN dengan segenap hatimu.
257|YOSUA 1:9|Kuatkan dan teguhkanlah hatimu.
258|FILIPI 4:13|Segala perkara dapat kutanggung di dalam Dia.
259|AMSAL 3:5|Percayalah kepada TUHAN dengan segenap hatimu.
260|FILIPI 4:13|Segala perkara dapat kutanggung di dalam Dia.
261|YOSUA 1:9|Kuatkan dan teguhkanlah hatimu.
262|AMSAL 3:5|Percayalah kepada TUHAN dengan segenap hatimu.
263|YOSUA 1:9|Kuatkan dan teguhkanlah hatimu.
264|FILIPI 4:13|Segala perkara dapat kutanggung di dalam Dia.
265|AMSAL 3:5|Percayalah kepada TUHAN dengan segenap hatimu.
266|YOSUA 1:9|Kuatkan dan teguhkanlah hatimu.
267|FILIPI 4:13|Segala perkara dapat kutanggung di dalam Dia.
268|AMSAL 3:5|Percayalah kepada TUHAN dengan segenap hatimu.
269|FILIPI 4:13|Segala perkara dapat kutanggung di dalam Dia.
270|AMSAL 3:5|Percayalah kepada TUHAN dengan segenap hatimu.
271|YOSUA 1:9|Kuatkan dan teguhkanlah hatimu.
272|FILIPI 4:13|Segala perkara dapat kutanggung di dalam Dia.
273|AMSAL 3:5|Percayalah kepada TUHAN dengan segenap hatimu.
274|YOSUA 1:9|Kuatkan dan teguhkanlah hatimu.
275|FILIPI 4:13|Segala perkara dapat kutanggung di dalam Dia.
276|YOSUA 1:9|Kuatkan dan teguhkanlah hatimu.
277|AMSAL 3:5|Percayalah kepada TUHAN dengan segenap hatimu.
278|YOSUA 1:9|Kuatkan dan teguhkanlah hatimu.
279|FILIPI 4:13|Segala perkara dapat kutanggung di dalam Dia.
280|AMSAL 3:5|Percayalah kepada TUHAN dengan segenap hatimu.
281|YOSUA 1:9|Kuatkan dan teguhkanlah hatimu.
282|AMSAL 3:5|Percayalah kepada TUHAN dengan segenap hatimu.
283|FILIPI 4:13|Segala perkara dapat kutanggung di dalam Dia.
284|AMSAL 3:5|Percayalah kepada TUHAN dengan segenap hatimu.
285|YOSUA 1:9|Kuatkan dan teguhkanlah hatimu.
286|FILIPI 4:13|Segala perkara dapat kutanggung di dalam Dia.
287|AMSAL 3:5|Percayalah kepada TUHAN dengan segenap hatimu.
288|FILIPI 4:13|Segala perkara dapat kutanggung di dalam Dia.
289|YOSUA 1:9|Kuatkan dan teguhkanlah hatimu.
290|FILIPI 4:13|Segala perkara dapat kutanggung di dalam Dia.
291|YOSUA 1:9|Kuatkan dan teguhkanlah hatimu.
292|AMSAL 3:5|Percayalah kepada TUHAN dengan segenap hatimu.
293|YOSUA 1:9|Kuatkan dan teguhkanlah hatimu.
294|FILIPI 4:13|Segala perkara dapat kutanggung di dalam Dia.
295|AMSAL 3:5|Percayalah kepada TUHAN dengan segenap hatimu.
296|FILIPI 4:13|Segala perkara dapat kutanggung di dalam Dia.
297|YOSUA 1:9|Kuatkan dan teguhkanlah hatimu.
298|AMSAL 3:5|Percayalah kepada TUHAN dengan segenap hatimu.
299|FILIPI 4:13|Segala perkara dapat kutanggung di dalam Dia.
300|YOSUA 1:9|Kuatkan dan teguhkanlah hatimu.
301|AMSAL 3:5|Percayalah kepada TUHAN dengan segenap hatimu.
302|FILIPI 4:13|Segala perkara dapat kutanggung di dalam Dia.
303|YOSUA 1:9|Kuatkan dan teguhkanlah hatimu.
304|AMSAL 3:5|Percayalah kepada TUHAN dengan segenap hatimu.
305|FILIPI 4:13|Segala perkara dapat kutanggung di dalam Dia.
306|YOSUA 1:9|Kuatkan dan teguhkanlah hatimu.
307|FILIPI 4:13|Segala perkara dapat kutanggung di dalam Dia.
308|YOSUA 1:9|Kuatkan dan teguhkanlah hatimu.
309|AMSAL 3:5|Percayalah kepada TUHAN dengan segenap hatimu.
310|YOSUA 1:9|Kuatkan dan teguhkanlah hatimu.
311|FILIPI 4:13|Segala perkara dapat kutanggung di dalam Dia.
312|YOSUA 1:9|Kuatkan dan teguhkanlah hatimu.
313|AMSAL 3:5|Percayalah kepada TUHAN dengan segenap hatimu.
314|FILIPI 4:13|Segala perkara dapat kutanggung di dalam Dia.
315|AMSAL 3:5|Percayalah kepada TUHAN dengan segenap hatimu.
316|YOSUA 1:9|Kuatkan dan teguhkanlah hatimu.
317|FILIPI 4:13|Segala perkara dapat kutanggung di dalam Dia.
318|AMSAL 3:5|Percayalah kepada TUHAN dengan segenap hatimu.
319|YOSUA 1:9|Kuatkan dan teguhkanlah hatimu.
320|FILIPI 4:13|Segala perkara dapat kutanggung di dalam Dia.
321|AMSAL 3:5|Percayalah kepada TUHAN dengan segenap hatimu.
322|FILIPI 4:13|Segala perkara dapat kutanggung di dalam Dia.
323|YOSUA 1:9|Kuatkan dan teguhkanlah hatimu.
324|AMSAL 3:5|Percayalah kepada TUHAN dengan segenap hatimu.
325|FILIPI 4:13|Segala perkara dapat kutanggung di dalam Dia.
326|AMSAL 3:5|Percayalah kepada TUHAN dengan segenap hatimu.
327|YOSUA 1:9|Kuatkan dan teguhkanlah hatimu.
328|AMSAL 3:5|Percayalah kepada TUHAN dengan segenap hatimu.
329|FILIPI 4:13|Segala perkara dapat kutanggung di dalam Dia.
330|YOSUA 1:9|Kuatkan dan teguhkanlah hatimu.
331|FILIPI 4:13|Segala perkara dapat kutanggung di dalam Dia.
332|AMSAL 3:5|Percayalah kepada TUHAN dengan segenap hatimu.
333|YOSUA 1:9|Kuatkan dan teguhkanlah hatimu.
334|FILIPI 4:13|Segala perkara dapat kutanggung di dalam Dia.
335|YOSUA 1:9|Kuatkan dan teguhkanlah hatimu.
336|AMSAL 3:5|Percayalah kepada TUHAN dengan segenap hatimu.
337|FILIPI 4:13|Segala perkara dapat kutanggung di dalam Dia.
338|YOSUA 1:9|Kuatkan dan teguhkanlah hatimu.
339|AMSAL 3:5|Percayalah kepada TUHAN dengan segenap hatimu.
340|YOSUA 1:9|Kuatkan dan teguhkanlah hatimu.
341|FILIPI 4:13|Segala perkara dapat kutanggung di dalam Dia.
342|YOSUA 1:9|Kuatkan dan teguhkanlah hatimu.
343|FILIPI 4:13|Segala perkara dapat kutanggung di dalam Dia.
344|AMSAL 3:5|Percayalah kepada TUHAN dengan segenap hatimu.
345|FILIPI 4:13|Segala perkara dapat kutanggung di dalam Dia.
346|YOSUA 1:9|Kuatkan dan teguhkanlah hatimu.
347|AMSAL 3:5|Percayalah kepada TUHAN dengan segenap hatimu.
348|YOSUA 1:9|Kuatkan dan teguhkanlah hatimu.
349|FILIPI 4:13|Segala perkara dapat kutanggung di dalam Dia.
350|AMSAL 3:5|Percayalah kepada TUHAN dengan segenap hatimu.
351|FILIPI 4:13|Segala perkara dapat kutanggung di dalam Dia.
352|YOSUA 1:9|Kuatkan dan teguhkanlah hatimu.
353|AMSAL 3:5|Percayalah kepada TUHAN dengan segenap hatimu.
354|FILIPI 4:13|Segala perkara dapat kutanggung di dalam Dia.
355|AMSAL 3:5|Percayalah kepada TUHAN dengan segenap hatimu.
356|YOSUA 1:9|Kuatkan dan teguhkanlah hatimu.
357|FILIPI 4:13|Segala perkara dapat kutanggung di dalam Dia.
358|YOSUA 1:9|Kuatkan dan teguhkanlah hatimu.
359|FILIPI 4:13|Segala perkara dapat kutanggung di dalam Dia.
360|AMSAL 3:5|Percayalah kepada TUHAN dengan segenap hatimu.
361|FILIPI 4:13|Segala perkara dapat kutanggung di dalam Dia.
362|YOSUA 1:9|Kuatkan dan teguhkanlah hatimu.
363|FILIPI 4:13|Segala perkara dapat kutanggung di dalam Dia.
364|AMSAL 3:5|Percayalah kepada TUHAN dengan segenap hatimu.
365|YOSUA 1:9|Kuatkan dan teguhkanlah hatimu.
