1|MAZMUR 91:11|Sebab malaikat-malaikat-Nya akan diperintahkan.
2|MAZMUR 121:8|Tuhan akan menjaga keluar masukmu.
3|MAZMUR 23:1|TUHAN adalah gembalaku takkan kekurangan aku.
4|MAZMUR 91:11|Sebab malaikat-malaikat-Nya akan diperintahkan.
5|MAZMUR 23:1|TUHAN adalah gembalaku takkan kekurangan aku.
6|MAZMUR 121:8|Tuhan akan menjaga keluar masukmu.
7|MAZMUR 91:11|Sebab malaikat-malaikat-Nya akan diperintahkan.
8|MAZMUR 121:8|Tuhan akan menjaga keluar masukmu.
9|MAZMUR 23:1|TUHAN adalah gembalaku takkan kekurangan aku.
10|MAZMUR 91:11|Sebab malaikat-malaikat-Nya akan diperintahkan.
11|MAZMUR 23:1|TUHAN adalah gembalaku takkan kekurangan aku.
12|MAZMUR 121:8|Tuhan akan menjaga keluar masukmu.
13|MAZMUR 91:11|Sebab malaikat-malaikat-Nya akan diperintahkan.
14|MAZMUR 23:1|TUHAN adalah gembalaku takkan kekurangan aku.
15|MAZMUR 121:8|Tuhan akan menjaga keluar masukmu.
16|MAZMUR 23:1|TUHAN adalah gembalaku takkan kekurangan aku.
17|MAZMUR 91:11|Sebab malaikat-malaikat-Nya akan diperintahkan.
18|MAZMUR 121:8|Tuhan akan menjaga keluar masukmu.
19|MAZMUR 23:1|TUHAN adalah gembalaku takkan kekurangan aku.
20|MAZMUR 91:11|Sebab malaikat-malaikat-Nya akan diperintahkan.
21|MAZMUR 23:1|TUHAN adalah gembalaku takkan kekurangan aku.
22|MAZMUR 121:8|Tuhan akan menjaga keluar masukmu.
23|MAZMUR 91:11|Sebab malaikat-malaikat-Nya akan diperintahkan.
24|MAZMUR 23:1|TUHAN adalah gembalaku takkan kekurangan aku.
25|MAZMUR 121:8|Tuhan akan menjaga keluar masukmu.
26|MAZMUR 91:11|Sebab malaikat-malaikat-Nya akan diperintahkan.
27|MAZMUR 121:8|Tuhan akan menjaga keluar masukmu.
28|MAZMUR 23:1|TUHAN adalah gembalaku takkan kekurangan aku.
29|MAZMUR 121:8|Tuhan akan menjaga keluar masukmu.
30|MAZMUR 91:11|Sebab malaikat-malaikat-Nya akan diperintahkan.
31|MAZMUR 23:1|TUHAN adalah gembalaku takkan kekurangan aku.
32|MAZMUR 121:8|Tuhan akan menjaga keluar masukmu.
33|MAZMUR 91:11|Sebab malaikat-malaikat-Nya akan diperintahkan.
34|MAZMUR 23:1|TUHAN adalah gembalaku takkan kekurangan aku.
35|MAZMUR 121:8|Tuhan akan menjaga keluar masukmu.
36|MAZMUR 91:11|Sebab malaikat-malaikat-Nya akan diperintahkan.
37|MAZMUR 121:8|Tuhan akan menjaga keluar masukmu.
38|MAZMUR 23:1|TUHAN adalah gembalaku takkan kekurangan aku.
39|MAZMUR 91:11|Sebab malaikat-malaikat-Nya akan diperintahkan.
40|MAZMUR 23:1|TUHAN adalah gembalaku takkan kekurangan aku.
41|MAZMUR 121:8|Tuhan akan menjaga keluar masukmu.
42|MAZMUR 23:1|TUHAN adalah gembalaku takkan kekurangan aku.
43|MAZMUR 121:8|Tuhan akan menjaga keluar masukmu.
44|MAZMUR 91:11|Sebab malaikat-malaikat-Nya akan diperintahkan.
45|MAZMUR 121:8|Tuhan akan menjaga keluar masukmu.
46|MAZMUR 23:1|TUHAN adalah gembalaku takkan kekurangan aku.
47|MAZMUR 91:11|Sebab malaikat-malaikat-Nya akan diperintahkan.
48|MAZMUR 23:1|TUHAN adalah gembalaku takkan kekurangan aku.
49|MAZMUR 121:8|Tuhan akan menjaga keluar masukmu.
50|MAZMUR 91:11|Sebab malaikat-malaikat-Nya akan diperintahkan.
51|MAZMUR 121:8|Tuhan akan menjaga keluar masukmu.
52|MAZMUR 23:1|TUHAN adalah gembalaku takkan kekurangan aku.
53|MAZMUR 91:11|Sebab malaikat-malaikat-Nya akan diperintahkan.
54|MAZMUR 121:8|Tuhan akan menjaga keluar masukmu.
55|MAZMUR 91:11|Sebab malaikat-malaikat-Nya akan diperintahkan.
56|MAZMUR 23:1|TUHAN adalah gembalaku takkan kekurangan aku.
57|MAZMUR 91:11|Sebab malaikat-malaikat-Nya akan diperintahkan.
58|MAZMUR 121:8|Tuhan akan menjaga keluar masukmu.
59|MAZMUR 23:1|TUHAN adalah gembalaku takkan kekurangan aku.
60|MAZMUR 91:11|Sebab malaikat-malaikat-Nya akan diperintahkan.
61|MAZMUR 121:8|Tuhan akan menjaga keluar masukmu.
62|MAZMUR 91:11|Sebab malaikat-malaikat-Nya akan diperintahkan.
63|MAZMUR 23:1|TUHAN adalah gembalaku takkan kekurangan aku.
64|MAZMUR 91:11|Sebab malaikat-malaikat-Nya akan diperintahkan.
65|MAZMUR 121:8|Tuhan akan menjaga keluar masukmu.
66|MAZMUR 23:1|TUHAN adalah gembalaku takkan kekurangan aku.
67|MAZMUR 91:11|Sebab malaikat-malaikat-Nya akan diperintahkan.
68|MAZMUR 121:8|Tuhan akan menjaga keluar masukmu.
69|MAZMUR 23:1|TUHAN adalah gembalaku takkan kekurangan aku.
70|MAZMUR 91:11|Sebab malaikat-malaikat-Nya akan diperintahkan.
71|MAZMUR 121:8|Tuhan akan menjaga keluar masukmu.
72|MAZMUR 23:1|TUHAN adalah gembalaku takkan kekurangan aku.
73|MAZMUR 91:11|Sebab malaikat-malaikat-Nya akan diperintahkan.
74|MAZMUR 121:8|Tuhan akan menjaga keluar masukmu.
75|MAZMUR 23:1|TUHAN adalah gembalaku takkan kekurangan aku.
76|MAZMUR 121:8|Tuhan akan menjaga keluar masukmu.
77|MAZMUR 91:11|Sebab malaikat-malaikat-Nya akan diperintahkan.
78|MAZMUR 23:1|TUHAN adalah gembalaku takkan kekurangan aku.
79|MAZMUR 91:11|Sebab malaikat-malaikat-Nya akan diperintahkan.
80|MAZMUR 23:1|TUHAN adalah gembalaku takkan kekurangan aku.
81|MAZMUR 121:8|Tuhan akan menjaga keluar masukmu.
82|MAZMUR 91:11|Sebab malaikat-malaikat-Nya akan diperintahkan.
83|MAZMUR 23:1|TUHAN adalah gembalaku takkan kekurangan aku.
84|MAZMUR 91:11|Sebab malaikat-malaikat-Nya akan diperintahkan.
85|MAZMUR 121:8|Tuhan akan menjaga keluar masukmu.
86|MAZMUR 91:11|Sebab malaikat-malaikat-Nya akan diperintahkan.
87|MAZMUR 23:1|TUHAN adalah gembalaku takkan kekurangan aku.
88|MAZMUR 91:11|Sebab malaikat-malaikat-Nya akan diperintahkan.
89|MAZMUR 121:8|Tuhan akan menjaga keluar masukmu.
90|MAZMUR 23:1|TUHAN adalah gembalaku takkan kekurangan aku.
91|MAZMUR 121:8|Tuhan akan menjaga keluar masukmu.
92|MAZMUR 91:11|Sebab malaikat-malaikat-Nya akan diperintahkan.
93|MAZMUR 23:1|TUHAN adalah gembalaku takkan kekurangan aku.
94|MAZMUR 121:8|Tuhan akan menjaga keluar masukmu.
95|MAZMUR 91:11|Sebab malaikat-malaikat-Nya akan diperintahkan.
96|MAZMUR 23:1|TUHAN adalah gembalaku takkan kekurangan aku.
97|MAZMUR 91:11|Sebab malaikat-malaikat-Nya akan diperintahkan.
98|MAZMUR 121:8|Tuhan akan menjaga keluar masukmu.
99|MAZMUR 23:1|TUHAN adalah gembalaku takkan kekurangan aku.
100|MAZMUR 91:11|Sebab malaikat-malaikat-Nya akan diperintahkan.
101|MAZMUR 121:8|Tuhan akan menjaga keluar masukmu.
102|MAZMUR 23:1|TUHAN adalah gembalaku takkan kekurangan aku.
103|MAZMUR 91:11|Sebab malaikat-malaikat-Nya akan diperintahkan.
104|MAZMUR 121:8|Tuhan akan menjaga keluar masukmu.
105|MAZMUR 23:1|TUHAN adalah gembalaku takkan kekurangan aku.
106|MAZMUR 121:8|Tuhan akan menjaga keluar masukmu.
107|MAZMUR 91:11|Sebab malaikat-malaikat-Nya akan diperintahkan.
108|MAZMUR 23:1|TUHAN adalah gembalaku takkan kekurangan aku.
109|MAZMUR 121:8|Tuhan akan menjaga keluar masukmu.
110|MAZMUR 91:11|Sebab malaikat-malaikat-Nya akan diperintahkan.
111|MAZMUR 121:8|Tuhan akan menjaga keluar masukmu.
112|MAZMUR 23:1|TUHAN adalah gembalaku takkan kekurangan aku.
113|MAZMUR 91:11|Sebab malaikat-malaikat-Nya akan diperintahkan.
114|MAZMUR 23:1|TUHAN adalah gembalaku takkan kekurangan aku.
115|MAZMUR 121:8|Tuhan akan menjaga keluar masukmu.
116|MAZMUR 91:11|Sebab malaikat-malaikat-Nya akan diperintahkan.
117|MAZMUR 23:1|TUHAN adalah gembalaku takkan kekurangan aku.
118|MAZMUR 91:11|Sebab malaikat-malaikat-Nya akan diperintahkan.
119|MAZMUR 23:1|TUHAN adalah gembalaku takkan kekurangan aku.
120|MAZMUR 121:8|Tuhan akan menjaga keluar masukmu.
121|MAZMUR 23:1|TUHAN adalah gembalaku takkan kekurangan aku.
122|MAZMUR 91:11|Sebab malaikat-malaikat-Nya akan diperintahkan.
123|MAZMUR 121:8|Tuhan akan menjaga keluar masukmu.
124|MAZMUR 23:1|TUHAN adalah gembalaku takkan kekurangan aku.
125|MAZMUR 121:8|Tuhan akan menjaga keluar masukmu.
126|MAZMUR 91:11|Sebab malaikat-malaikat-Nya akan diperintahkan.
127|MAZMUR 23:1|TUHAN adalah gembalaku takkan kekurangan aku.
128|MAZMUR 91:11|Sebab malaikat-malaikat-Nya akan diperintahkan.
129|MAZMUR 23:1|TUHAN adalah gembalaku takkan kekurangan aku.
130|MAZMUR 121:8|Tuhan akan menjaga keluar masukmu.
131|MAZMUR 91:11|Sebab malaikat-malaikat-Nya akan diperintahkan.
132|MAZMUR 23:1|TUHAN adalah gembalaku takkan kekurangan aku.
133|MAZMUR 121:8|Tuhan akan menjaga keluar masukmu.
134|MAZMUR 23:1|TUHAN adalah gembalaku takkan kekurangan aku.
135|MAZMUR 91:11|Sebab malaikat-malaikat-Nya akan diperintahkan.
136|MAZMUR 121:8|Tuhan akan menjaga keluar masukmu.
137|MAZMUR 23:1|TUHAN adalah gembalaku takkan kekurangan aku.
138|MAZMUR 91:11|Sebab malaikat-malaikat-Nya akan diperintahkan.
139|MAZMUR 121:8|Tuhan akan menjaga keluar masukmu.
140|MAZMUR 91:11|Sebab malaikat-malaikat-Nya akan diperintahkan.
141|MAZMUR 23:1|TUHAN adalah gembalaku takkan kekurangan aku.
142|MAZMUR 121:8|Tuhan akan menjaga keluar masukmu.
143|MAZMUR 23:1|TUHAN adalah gembalaku takkan kekurangan aku.
144|MAZMUR 91:11|Sebab malaikat-malaikat-Nya akan diperintahkan.
145|MAZMUR 121:8|Tuhan akan menjaga keluar masukmu.
146|MAZMUR 91:11|Sebab malaikat-malaikat-Nya akan diperintahkan.
147|MAZMUR 23:1|TUHAN adalah gembalaku takkan kekurangan aku.
148|MAZMUR 121:8|Tuhan akan menjaga keluar masukmu.
149|MAZMUR 23:1|TUHAN adalah gembalaku takkan kekurangan aku.
150|MAZMUR 121:8|Tuhan akan menjaga keluar masukmu.
151|MAZMUR 91:11|Sebab malaikat-malaikat-Nya akan diperintahkan.
152|MAZMUR 23:1|TUHAN adalah gembalaku takkan kekurangan aku.
153|MAZMUR 121:8|Tuhan akan menjaga keluar masukmu.
154|MAZMUR 91:11|Sebab malaikat-malaikat-Nya akan diperintahkan.
155|MAZMUR 23:1|TUHAN adalah gembalaku takkan kekurangan aku.
156|MAZMUR 121:8|Tuhan akan menjaga keluar masukmu.
157|MAZMUR 91:11|Sebab malaikat-malaikat-Nya akan diperintahkan.
158|MAZMUR 23:1|TUHAN adalah gembalaku takkan kekurangan aku.
159|MAZMUR 121:8|Tuhan akan menjaga keluar masukmu.
160|MAZMUR 23:1|TUHAN adalah gembalaku takkan kekurangan aku.
161|MAZMUR 121:8|Tuhan akan menjaga keluar masukmu.
162|MAZMUR 91:11|Sebab malaikat-malaikat-Nya akan diperintahkan.
163|MAZMUR 121:8|Tuhan akan menjaga keluar masukmu.
164|MAZMUR 23:1|TUHAN adalah gembalaku takkan kekurangan aku.
165|MAZMUR 91:11|Sebab malaikat-malaikat-Nya akan diperintahkan.
166|MAZMUR 121:8|Tuhan akan menjaga keluar masukmu.
167|MAZMUR 23:1|TUHAN adalah gembalaku takkan kekurangan aku.
168|MAZMUR 91:11|Sebab malaikat-malaikat-Nya akan diperintahkan.
169|MAZMUR 23:1|TUHAN adalah gembalaku takkan kekurangan aku.
170|MAZMUR 121:8|Tuhan akan menjaga keluar masukmu.
171|MAZMUR 91:11|Sebab malaikat-malaikat-Nya akan diperintahkan.
172|MAZMUR 23:1|TUHAN adalah gembalaku takkan kekurangan aku.
173|MAZMUR 91:11|Sebab malaikat-malaikat-Nya akan diperintahkan.
174|MAZMUR 121:8|Tuhan akan menjaga keluar masukmu.
175|MAZMUR 23:1|TUHAN adalah gembalaku takkan kekurangan aku.
176|MAZMUR 91:11|Sebab malaikat-malaikat-Nya akan diperintahkan.
177|MAZMUR 23:1|TUHAN adalah gembalaku takkan kekurangan aku.
178|MAZMUR 121:8|Tuhan akan menjaga keluar masukmu.
179|MAZMUR 91:11|Sebab malaikat-malaikat-Nya akan diperintahkan.
180|MAZMUR 23:1|TUHAN adalah gembalaku takkan kekurangan aku.
181|MAZMUR 121:8|Tuhan akan menjaga keluar masukmu.
182|MAZMUR 91:11|Sebab malaikat-malaikat-Nya akan diperintahkan.
183|MAZMUR 23:1|TUHAN adalah gembalaku takkan kekurangan aku.
184|MAZMUR 121:8|Tuhan akan menjaga keluar masukmu.
185|MAZMUR 91:11|Sebab malaikat-malaikat-Nya akan diperintahkan.
186|MAZMUR 121:8|Tuhan akan menjaga keluar masukmu.
187|MAZMUR 23:1|TUHAN adalah gembalaku takkan kekurangan aku.
188|MAZMUR 121:8|Tuhan akan menjaga keluar masukmu.
189|MAZMUR 91:11|Sebab malaikat-malaikat-Nya akan diperintahkan.
190|MAZMUR 121:8|Tuhan akan menjaga keluar masukmu.
191|MAZMUR 23:1|TUHAN adalah gembalaku takkan kekurangan aku.
192|MAZMUR 91:11|Sebab malaikat-malaikat-Nya akan diperintahkan.
193|MAZMUR 121:8|Tuhan akan menjaga keluar masukmu.
194|MAZMUR 23:1|TUHAN adalah gembalaku takkan kekurangan aku.
195|MAZMUR 91:11|Sebab malaikat-malaikat-Nya akan diperintahkan.
196|MAZMUR 121:8|Tuhan akan menjaga keluar masukmu.
197|MAZMUR 23:1|TUHAN adalah gembalaku takkan kekurangan aku.
198|MAZMUR 91:11|Sebab malaikat-malaikat-Nya akan diperintahkan.
199|MAZMUR 121:8|Tuhan akan menjaga keluar masukmu.
200|MAZMUR 91:11|Sebab malaikat-malaikat-Nya akan diperintahkan.
201|MAZMUR 121:8|Tuhan akan menjaga keluar masukmu.
202|MAZMUR 23:1|TUHAN adalah gembalaku takkan kekurangan aku.
203|MAZMUR 91:11|Sebab malaikat-malaikat-Nya akan diperintahkan.
204|MAZMUR 121:8|Tuhan akan menjaga keluar masukmu.
205|MAZMUR 91:11|Sebab malaikat-malaikat-Nya akan diperintahkan.
206|MAZMUR 23:1|TUHAN adalah gembalaku takkan kekurangan aku.
207|MAZMUR 121:8|Tuhan akan menjaga keluar masukmu.
208|MAZMUR 23:1|TUHAN adalah gembalaku takkan kekurangan aku.
209|MAZMUR 121:8|Tuhan akan menjaga keluar masukmu.
210|MAZMUR 91:11|Sebab malaikat-malaikat-Nya akan diperintahkan.
211|MAZMUR 23:1|TUHAN adalah gembalaku takkan kekurangan aku.
212|MAZMUR 121:8|Tuhan akan menjaga keluar masukmu.
213|MAZMUR 23:1|TUHAN adalah gembalaku takkan kekurangan aku.
214|MAZMUR 91:11|Sebab malaikat-malaikat-Nya akan diperintahkan.
215|MAZMUR 23:1|TUHAN adalah gembalaku takkan kekurangan aku.
216|MAZMUR 121:8|Tuhan akan menjaga keluar masukmu.
217|MAZMUR 23:1|TUHAN adalah gembalaku takkan kekurangan aku.
218|MAZMUR 91:11|Sebab malaikat-malaikat-Nya akan diperintahkan.
219|MAZMUR 121:8|Tuhan akan menjaga keluar masukmu.
220|MAZMUR 23:1|TUHAN adalah gembalaku takkan kekurangan aku.
221|MAZMUR 121:8|Tuhan akan menjaga keluar masukmu.
222|MAZMUR 23:1|TUHAN adalah gembalaku takkan kekurangan aku.
223|MAZMUR 91:11|Sebab malaikat-malaikat-Nya akan diperintahkan.
224|MAZMUR 23:1|TUHAN adalah gembalaku takkan kekurangan aku.
225|MAZMUR 121:8|Tuhan akan menjaga keluar masukmu.
226|MAZMUR 23:1|TUHAN adalah gembalaku takkan kekurangan aku.
227|MAZMUR 121:8|Tuhan akan menjaga keluar masukmu.
228|MAZMUR 91:11|Sebab malaikat-malaikat-Nya akan diperintahkan.
229|MAZMUR 121:8|Tuhan akan menjaga keluar masukmu.
230|MAZMUR 23:1|TUHAN adalah gembalaku takkan kekurangan aku.
231|MAZMUR 91:11|Sebab malaikat-malaikat-Nya akan diperintahkan.
232|MAZMUR 121:8|Tuhan akan menjaga keluar masukmu.
233|MAZMUR 91:11|Sebab malaikat-malaikat-Nya akan diperintahkan.
234|MAZMUR 23:1|TUHAN adalah gembalaku takkan kekurangan aku.
235|MAZMUR 121:8|Tuhan akan menjaga keluar masukmu.
236|MAZMUR 91:11|Sebab malaikat-malaikat-Nya akan diperintahkan.
237|MAZMUR 23:1|TUHAN adalah gembalaku takkan kekurangan aku.
238|MAZMUR 91:11|Sebab malaikat-malaikat-Nya akan diperintahkan.
239|MAZMUR 121:8|Tuhan akan menjaga keluar masukmu.
240|MAZMUR 23:1|TUHAN adalah gembalaku takkan kekurangan aku.
241|MAZMUR 121:8|Tuhan akan menjaga keluar masukmu.
242|MAZMUR 23:1|TUHAN adalah gembalaku takkan kekurangan aku.
243|MAZMUR 91:11|Sebab malaikat-malaikat-Nya akan diperintahkan.
244|MAZMUR 121:8|Tuhan akan menjaga keluar masukmu.
245|MAZMUR 91:11|Sebab malaikat-malaikat-Nya akan diperintahkan.
246|MAZMUR 23:1|TUHAN adalah gembalaku takkan kekurangan aku.
247|MAZMUR 121:8|Tuhan akan menjaga keluar masukmu.
248|MAZMUR 23:1|TUHAN adalah gembalaku takkan kekurangan aku.
249|MAZMUR 91:11|Sebab malaikat-malaikat-Nya akan diperintahkan.
250|MAZMUR 121:8|Tuhan akan menjaga keluar masukmu.
251|MAZMUR 91:11|Sebab malaikat-malaikat-Nya akan diperintahkan.
252|MAZMUR 23:1|TUHAN adalah gembalaku takkan kekurangan aku.
253|MAZMUR 121:8|Tuhan akan menjaga keluar masukmu.
254|MAZMUR 91:11|Sebab malaikat-malaikat-Nya akan diperintahkan.
255|MAZMUR 23:1|TUHAN adalah gembalaku takkan kekurangan aku.
256|MAZMUR 91:11|Sebab malaikat-malaikat-Nya akan diperintahkan.
257|MAZMUR 121:8|Tuhan akan menjaga keluar masukmu.
258|MAZMUR 23:1|TUHAN adalah gembalaku takkan kekurangan aku.
259|MAZMUR 91:11|Sebab malaikat-malaikat-Nya akan diperintahkan.
260|MAZMUR 23:1|TUHAN adalah gembalaku takkan kekurangan aku.
261|MAZMUR 121:8|Tuhan akan menjaga keluar masukmu.
262|MAZMUR 23:1|TUHAN adalah gembalaku takkan kekurangan aku.
263|MAZMUR 121:8|Tuhan akan menjaga keluar masukmu.
264|MAZMUR 91:11|Sebab malaikat-malaikat-Nya akan diperintahkan.
265|MAZMUR 23:1|TUHAN adalah gembalaku takkan kekurangan aku.
266|MAZMUR 121:8|Tuhan akan menjaga keluar masukmu.
267|MAZMUR 23:1|TUHAN adalah gembalaku takkan kekurangan aku.
268|MAZMUR 91:11|Sebab malaikat-malaikat-Nya akan diperintahkan.
269|MAZMUR 23:1|TUHAN adalah gembalaku takkan kekurangan aku.
270|MAZMUR 121:8|Tuhan akan menjaga keluar masukmu.
271|MAZMUR 91:11|Sebab malaikat-malaikat-Nya akan diperintahkan.
272|MAZMUR 121:8|Tuhan akan menjaga keluar masukmu.
273|MAZMUR 91:11|Sebab malaikat-malaikat-Nya akan diperintahkan.
274|MAZMUR 23:1|TUHAN adalah gembalaku takkan kekurangan aku.
275|MAZMUR 91:11|Sebab malaikat-malaikat-Nya akan diperintahkan.
276|MAZMUR 23:1|TUHAN adalah gembalaku takkan kekurangan aku.
277|MAZMUR 121:8|Tuhan akan menjaga keluar masukmu.
278|MAZMUR 23:1|TUHAN adalah gembalaku takkan kekurangan aku.
279|MAZMUR 121:8|Tuhan akan menjaga keluar masukmu.
280|MAZMUR 91:11|Sebab malaikat-malaikat-Nya akan diperintahkan.
281|MAZMUR 121:8|Tuhan akan menjaga keluar masukmu.
282|MAZMUR 91:11|Sebab malaikat-malaikat-Nya akan diperintahkan.
283|MAZMUR 23:1|TUHAN adalah gembalaku takkan kekurangan aku.
284|MAZMUR 121:8|Tuhan akan menjaga keluar masukmu.
285|MAZMUR 91:11|Sebab malaikat-malaikat-Nya akan diperintahkan.
286|MAZMUR 121:8|Tuhan akan menjaga keluar masukmu.
287|MAZMUR 23:1|TUHAN adalah gembalaku takkan kekurangan aku.
288|MAZMUR 121:8|Tuhan akan menjaga keluar masukmu.
289|MAZMUR 91:11|Sebab malaikat-malaikat-Nya akan diperintahkan.
290|MAZMUR 23:1|TUHAN adalah gembalaku takkan kekurangan aku.
291|MAZMUR 91:11|Sebab malaikat-malaikat-Nya akan diperintahkan.
292|MAZMUR 121:8|Tuhan akan menjaga keluar masukmu.
293|MAZMUR 91:11|Sebab malaikat-malaikat-Nya akan diperintahkan.
294|MAZMUR 23:1|TUHAN adalah gembalaku takkan kekurangan aku.
295|MAZMUR 121:8|Tuhan akan menjaga keluar masukmu.
296|MAZMUR 23:1|TUHAN adalah gembalaku takkan kekurangan aku.
297|MAZMUR 91:11|Sebab malaikat-malaikat-Nya akan diperintahkan.
298|MAZMUR 121:8|Tuhan akan menjaga keluar masukmu.
299|MAZMUR 23:1|TUHAN adalah gembalaku takkan kekurangan aku.
300|MAZMUR 91:11|Sebab malaikat-malaikat-Nya akan diperintahkan.
301|MAZMUR 121:8|Tuhan akan menjaga keluar masukmu.
302|MAZMUR 23:1|TUHAN adalah gembalaku takkan kekurangan aku.
303|MAZMUR 121:8|Tuhan akan menjaga keluar masukmu.
304|MAZMUR 91:11|Sebab malaikat-malaikat-Nya akan diperintahkan.
305|MAZMUR 23:1|TUHAN adalah gembalaku takkan kekurangan aku.
306|MAZMUR 91:11|Sebab malaikat-malaikat-Nya akan diperintahkan.
307|MAZMUR 121:8|Tuhan akan menjaga keluar masukmu.
308|MAZMUR 23:1|TUHAN adalah gembalaku takkan kekurangan aku.
309|MAZMUR 91:11|Sebab malaikat-malaikat-Nya akan diperintahkan.
310|MAZMUR 121:8|Tuhan akan menjaga keluar masukmu.
311|MAZMUR 91:11|Sebab malaikat-malaikat-Nya akan diperintahkan.
312|MAZMUR 23:1|TUHAN adalah gembalaku takkan kekurangan aku.
313|MAZMUR 121:8|Tuhan akan menjaga keluar masukmu.
314|MAZMUR 23:1|TUHAN adalah gembalaku takkan kekurangan aku.
315|MAZMUR 121:8|Tuhan akan menjaga keluar masukmu.
316|MAZMUR 91:11|Sebab malaikat-malaikat-Nya akan diperintahkan.
317|MAZMUR 23:1|TUHAN adalah gembalaku takkan kekurangan aku.
318|MAZMUR 121:8|Tuhan akan menjaga keluar masukmu.
319|MAZMUR 91:11|Sebab malaikat-malaikat-Nya akan diperintahkan.
320|MAZMUR 121:8|Tuhan akan menjaga keluar masukmu.
321|MAZMUR 23:1|TUHAN adalah gembalaku takkan kekurangan aku.
322|MAZMUR 91:11|Sebab malaikat-malaikat-Nya akan diperintahkan.
323|MAZMUR 121:8|Tuhan akan menjaga keluar masukmu.
324|MAZMUR 91:11|Sebab malaikat-malaikat-Nya akan diperintahkan.
325|MAZMUR 23:1|TUHAN adalah gembalaku takkan kekurangan aku.
326|MAZMUR 121:8|Tuhan akan menjaga keluar masukmu.
327|MAZMUR 23:1|TUHAN adalah gembalaku takkan kekurangan aku.
328|MAZMUR 91:11|Sebab malaikat-malaikat-Nya akan diperintahkan.
329|MAZMUR 23:1|TUHAN adalah gembalaku takkan kekurangan aku.
330|MAZMUR 121:8|Tuhan akan menjaga keluar masukmu.
331|MAZMUR 23:1|TUHAN adalah gembalaku takkan kekurangan aku.
332|MAZMUR 121:8|Tuhan akan menjaga keluar masukmu.
333|MAZMUR 91:11|Sebab malaikat-malaikat-Nya akan diperintahkan.
334|MAZMUR 121:8|Tuhan akan menjaga keluar masukmu.
335|MAZMUR 23:1|TUHAN adalah gembalaku takkan kekurangan aku.
336|MAZMUR 121:8|Tuhan akan menjaga keluar masukmu.
337|MAZMUR 91:11|Sebab malaikat-malaikat-Nya akan diperintahkan.
338|MAZMUR 23:1|TUHAN adalah gembalaku takkan kekurangan aku.
339|MAZMUR 121:8|Tuhan akan menjaga keluar masukmu.
340|MAZMUR 91:11|Sebab malaikat-malaikat-Nya akan diperintahkan.
341|MAZMUR 23:1|TUHAN adalah gembalaku takkan kekurangan aku.
342|MAZMUR 121:8|Tuhan akan menjaga keluar masukmu.
343|MAZMUR 91:11|Sebab malaikat-malaikat-Nya akan diperintahkan.
344|MAZMUR 23:1|TUHAN adalah gembalaku takkan kekurangan aku.
345|MAZMUR 121:8|Tuhan akan menjaga keluar masukmu.
346|MAZMUR 23:1|TUHAN adalah gembalaku takkan kekurangan aku.
347|MAZMUR 91:11|Sebab malaikat-malaikat-Nya akan diperintahkan.
348|MAZMUR 23:1|TUHAN adalah gembalaku takkan kekurangan aku.
349|MAZMUR 121:8|Tuhan akan menjaga keluar masukmu.
350|MAZMUR 91:11|Sebab malaikat-malaikat-Nya akan diperintahkan.
351|MAZMUR 23:1|TUHAN adalah gembalaku takkan kekurangan aku.
352|MAZMUR 121:8|Tuhan akan menjaga keluar masukmu.
353|MAZMUR 23:1|TUHAN adalah gembalaku takkan kekurangan aku.
354|MAZMUR 91:11|Sebab malaikat-malaikat-Nya akan diperintahkan.
355|MAZMUR 23:1|TUHAN adalah gembalaku takkan kekurangan aku.
356|MAZMUR 121:8|Tuhan akan menjaga keluar masukmu.
357|MAZMUR 23:1|TUHAN adalah gembalaku takkan kekurangan aku.
358|MAZMUR 91:11|Sebab malaikat-malaikat-Nya akan diperintahkan.
359|MAZMUR 121:8|Tuhan akan menjaga keluar masukmu.
360|MAZMUR 23:1|TUHAN adalah gembalaku takkan kekurangan aku.
361|MAZMUR 91:11|Sebab malaikat-malaikat-Nya akan diperintahkan.
362|MAZMUR 121:8|Tuhan akan menjaga keluar masukmu.
363|MAZMUR 91:11|Sebab malaikat-malaikat-Nya akan diperintahkan.
364|MAZMUR 23:1|TUHAN adalah gembalaku takkan kekurangan aku.
365|MAZMUR 121:8|Tuhan akan menjaga keluar masukmu.
