1|YESAYA 26:3|Yang hatinya teguh Kaujagai dalam damai sejahtera.
2|MAZMUR 4:9|Dengan tenteram aku akan membaringkan diri.
3|MAZMUR 127:2|Tuhan memberikan kepada yang dikasihi-Nya pada waktu tidur.
4|YESAYA 26:3|Yang hatinya teguh Kaujagai dalam damai sejahtera.
5|MAZMUR 127:2|Tuhan memberikan kepada yang dikasihi-Nya pada waktu tidur.
6|MAZMUR 4:9|Dengan tenteram aku akan membaringkan diri.
7|MAZMUR 127:2|Tuhan memberikan kepada yang dikasihi-Nya pada waktu tidur.
8|YESAYA 26:3|Yang hatinya teguh Kaujagai dalam damai sejahtera.
9|MAZMUR 4:9|Dengan tenteram aku akan membaringkan diri.
10|MAZMUR 127:2|Tuhan memberikan kepada yang dikasihi-Nya pada waktu tidur.
11|YESAYA 26:3|Yang hatinya teguh Kaujagai dalam damai sejahtera.
12|MAZMUR 4:9|Dengan tenteram aku akan membaringkan diri.
13|MAZMUR 127:2|Tuhan memberikan kepada yang dikasihi-Nya pada waktu tidur.
14|YESAYA 26:3|Yang hatinya teguh Kaujagai dalam damai sejahtera.
15|MAZMUR 127:2|Tuhan memberikan kepada yang dikasihi-Nya pada waktu tidur.
16|MAZMUR 4:9|Dengan tenteram aku akan membaringkan diri.
17|YESAYA 26:3|Yang hatinya teguh Kaujagai dalam damai sejahtera.
18|MAZMUR 127:2|Tuhan memberikan kepada yang dikasihi-Nya pada waktu tidur.
19|MAZMUR 4:9|Dengan tenteram aku akan membaringkan diri.
20|MAZMUR 127:2|Tuhan memberikan kepada yang dikasihi-Nya pada waktu tidur.
21|YESAYA 26:3|Yang hatinya teguh Kaujagai dalam damai sejahtera.
22|MAZMUR 4:9|Dengan tenteram aku akan membaringkan diri.
23|MAZMUR 127:2|Tuhan memberikan kepada yang dikasihi-Nya pada waktu tidur.
24|YESAYA 26:3|Yang hatinya teguh Kaujagai dalam damai sejahtera.
25|MAZMUR 127:2|Tuhan memberikan kepada yang dikasihi-Nya pada waktu tidur.
26|MAZMUR 4:9|Dengan tenteram aku akan membaringkan diri.
27|YESAYA 26:3|Yang hatinya teguh Kaujagai dalam damai sejahtera.
28|MAZMUR 127:2|Tuhan memberikan kepada yang dikasihi-Nya pada waktu tidur.
29|MAZMUR 4:9|Dengan tenteram aku akan membaringkan diri.
30|YESAYA 26:3|Yang hatinya teguh Kaujagai dalam damai sejahtera.
31|MAZMUR 4:9|Dengan tenteram aku akan membaringkan diri.
32|YESAYA 26:3|Yang hatinya teguh Kaujagai dalam damai sejahtera.
33|MAZMUR 127:2|Tuhan memberikan kepada yang dikasihi-Nya pada waktu tidur.
34|YESAYA 26:3|Yang hatinya teguh Kaujagai dalam damai sejahtera.
35|MAZMUR 4:9|Dengan tenteram aku akan membaringkan diri.
36|MAZMUR 127:2|Tuhan memberikan kepada yang dikasihi-Nya pada waktu tidur.
37|YESAYA 26:3|Yang hatinya teguh Kaujagai dalam damai sejahtera.
38|MAZMUR 4:9|Dengan tenteram aku akan membaringkan diri.
39|MAZMUR 127:2|Tuhan memberikan kepada yang dikasihi-Nya pada waktu tidur.
40|YESAYA 26:3|Yang hatinya teguh Kaujagai dalam damai sejahtera.
41|MAZMUR 127:2|Tuhan memberikan kepada yang dikasihi-Nya pada waktu tidur.
42|MAZMUR 4:9|Dengan tenteram aku akan membaringkan diri.
43|YESAYA 26:3|Yang hatinya teguh Kaujagai dalam damai sejahtera.
44|MAZMUR 4:9|Dengan tenteram aku akan membaringkan diri.
45|MAZMUR 127:2|Tuhan memberikan kepada yang dikasihi-Nya pada waktu tidur.
46|YESAYA 26:3|Yang hatinya teguh Kaujagai dalam damai sejahtera.
47|MAZMUR 4:9|Dengan tenteram aku akan membaringkan diri.
48|YESAYA 26:3|Yang hatinya teguh Kaujagai dalam damai sejahtera.
49|MAZMUR 127:2|Tuhan memberikan kepada yang dikasihi-Nya pada waktu tidur.
50|MAZMUR 4:9|Dengan tenteram aku akan membaringkan diri.
51|MAZMUR 127:2|Tuhan memberikan kepada yang dikasihi-Nya pada waktu tidur.
52|YESAYA 26:3|Yang hatinya teguh Kaujagai dalam damai sejahtera.
53|MAZMUR 127:2|Tuhan memberikan kepada yang dikasihi-Nya pada waktu tidur.
54|YESAYA 26:3|Yang hatinya teguh Kaujagai dalam damai sejahtera.
55|MAZMUR 4:9|Dengan tenteram aku akan membaringkan diri.
56|MAZMUR 127:2|Tuhan memberikan kepada yang dikasihi-Nya pada waktu tidur.
57|YESAYA 26:3|Yang hatinya teguh Kaujagai dalam damai sejahtera.
58|MAZMUR 4:9|Dengan tenteram aku akan membaringkan diri.
59|MAZMUR 127:2|Tuhan memberikan kepada yang dikasihi-Nya pada waktu tidur.
60|YESAYA 26:3|Yang hatinya teguh Kaujagai dalam damai sejahtera.
61|MAZMUR 4:9|Dengan tenteram aku akan membaringkan diri.
62|YESAYA 26:3|Yang hatinya teguh Kaujagai dalam damai sejahtera.
63|MAZMUR 127:2|Tuhan memberikan kepada yang dikasihi-Nya pada waktu tidur.
64|MAZMUR 4:9|Dengan tenteram aku akan membaringkan diri.
65|YESAYA 26:3|Yang hatinya teguh Kaujagai dalam damai sejahtera.
66|MAZMUR 127:2|Tuhan memberikan kepada yang dikasihi-Nya pada waktu tidur.
67|YESAYA 26:3|Yang hatinya teguh Kaujagai dalam damai sejahtera.
68|MAZMUR 4:9|Dengan tenteram aku akan membaringkan diri.
69|YESAYA 26:3|Yang hatinya teguh Kaujagai dalam damai sejahtera.
70|MAZMUR 127:2|Tuhan memberikan kepada yang dikasihi-Nya pada waktu tidur.
71|MAZMUR 4:9|Dengan tenteram aku akan membaringkan diri.
72|MAZMUR 127:2|Tuhan memberikan kepada yang dikasihi-Nya pada waktu tidur.
73|MAZMUR 4:9|Dengan tenteram aku akan membaringkan diri.
74|YESAYA 26:3|Yang hatinya teguh Kaujagai dalam damai sejahtera.
75|MAZMUR 127:2|Tuhan memberikan kepada yang dikasihi-Nya pada waktu tidur.
76|YESAYA 26:3|Yang hatinya teguh Kaujagai dalam damai sejahtera.
77|MAZMUR 4:9|Dengan tenteram aku akan membaringkan diri.
78|MAZMUR 127:2|Tuhan memberikan kepada yang dikasihi-Nya pada waktu tidur.
79|YESAYA 26:3|Yang hatinya teguh Kaujagai dalam damai sejahtera.
80|MAZMUR 4:9|Dengan tenteram aku akan membaringkan diri.
81|YESAYA 26:3|Yang hatinya teguh Kaujagai dalam damai sejahtera.
82|MAZMUR 4:9|Dengan tenteram aku akan membaringkan diri.
83|MAZMUR 127:2|Tuhan memberikan kepada yang dikasihi-Nya pada waktu tidur.
84|YESAYA 26:3|Yang hatinya teguh Kaujagai dalam damai sejahtera.
85|MAZMUR 4:9|Dengan tenteram aku akan membaringkan diri.
86|YESAYA 26:3|Yang hatinya teguh Kaujagai dalam damai sejahtera.
87|MAZMUR 4:9|Dengan tenteram aku akan membaringkan diri.
88|MAZMUR 127:2|Tuhan memberikan kepada yang dikasihi-Nya pada waktu tidur.
89|YESAYA 26:3|Yang hatinya teguh Kaujagai dalam damai sejahtera.
90|MAZMUR 4:9|Dengan tenteram aku akan membaringkan diri.
91|MAZMUR 127:2|Tuhan memberikan kepada yang dikasihi-Nya pada waktu tidur.
92|MAZMUR 4:9|Dengan tenteram aku akan membaringkan diri.
93|YESAYA 26:3|Yang hatinya teguh Kaujagai dalam damai sejahtera.
94|MAZMUR 127:2|Tuhan memberikan kepada yang dikasihi-Nya pada waktu tidur.
95|MAZMUR 4:9|Dengan tenteram aku akan membaringkan diri.
96|YESAYA 26:3|Yang hatinya teguh Kaujagai dalam damai sejahtera.
97|MAZMUR 127:2|Tuhan memberikan kepada yang dikasihi-Nya pada waktu tidur.
98|MAZMUR 4:9|Dengan tenteram aku akan membaringkan diri.
99|MAZMUR 127:2|Tuhan memberikan kepada yang dikasihi-Nya pada waktu tidur.
100|YESAYA 26:3|Yang hatinya teguh Kaujagai dalam damai sejahtera.
101|MAZMUR 4:9|Dengan tenteram aku akan membaringkan diri.
102|YESAYA 26:3|Yang hatinya teguh Kaujagai dalam damai sejahtera.
103|MAZMUR 127:2|Tuhan memberikan kepada yang dikasihi-Nya pada waktu tidur.
104|MAZMUR 4:9|Dengan tenteram aku akan membaringkan diri.
105|MAZMUR 127:2|Tuhan memberikan kepada yang dikasihi-Nya pada waktu tidur.
106|YESAYA 26:3|Yang hatinya teguh Kaujagai dalam damai sejahtera.
107|MAZMUR 127:2|Tuhan memberikan kepada yang dikasihi-Nya pada waktu tidur.
108|MAZMUR 4:9|Dengan tenteram aku akan membaringkan diri.
109|YESAYA 26:3|Yang hatinya teguh Kaujagai dalam damai sejahtera.
110|MAZMUR 127:2|Tuhan memberikan kepada yang dikasihi-Nya pada waktu tidur.
111|MAZMUR 4:9|Dengan tenteram aku akan membaringkan diri.
112|YESAYA 26:3|Yang hatinya teguh Kaujagai dalam damai sejahtera.
113|MAZMUR 127:2|Tuhan memberikan kepada yang dikasihi-Nya pada waktu tidur.
114|YESAYA 26:3|Yang hatinya teguh Kaujagai dalam damai sejahtera.
115|MAZMUR 4:9|Dengan tenteram aku akan membaringkan diri.
116|MAZMUR 127:2|Tuhan memberikan kepada yang dikasihi-Nya pada waktu tidur.
117|YESAYA 26:3|Yang hatinya teguh Kaujagai dalam damai sejahtera.
118|MAZMUR 4:9|Dengan tenteram aku akan membaringkan diri.
119|YESAYA 26:3|Yang hatinya teguh Kaujagai dalam damai sejahtera.
120|MAZMUR 127:2|Tuhan memberikan kepada yang dikasihi-Nya pada waktu tidur.
121|MAZMUR 4:9|Dengan tenteram aku akan membaringkan diri.
122|MAZMUR 127:2|Tuhan memberikan kepada yang dikasihi-Nya pada waktu tidur.
123|YESAYA 26:3|Yang hatinya teguh Kaujagai dalam damai sejahtera.
124|MAZMUR 127:2|Tuhan memberikan kepada yang dikasihi-Nya pada waktu tidur.
125|MAZMUR 4:9|Dengan tenteram aku akan membaringkan diri.
126|MAZMUR 127:2|Tuhan memberikan kepada yang dikasihi-Nya pada waktu tidur.
127|YESAYA 26:3|Yang hatinya teguh Kaujagai dalam damai sejahtera.
128|MAZMUR 127:2|Tuhan memberikan kepada yang dikasihi-Nya pada waktu tidur.
129|MAZMUR 4:9|Dengan tenteram aku akan membaringkan diri.
130|MAZMUR 127:2|Tuhan memberikan kepada yang dikasihi-Nya pada waktu tidur.
131|YESAYA 26:3|Yang hatinya teguh Kaujagai dalam damai sejahtera.
132|MAZMUR 4:9|Dengan tenteram aku akan membaringkan diri.
133|MAZMUR 127:2|Tuhan memberikan kepada yang dikasihi-Nya pada waktu tidur.
134|MAZMUR 4:9|Dengan tenteram aku akan membaringkan diri.
135|YESAYA 26:3|Yang hatinya teguh Kaujagai dalam damai sejahtera.
136|MAZMUR 4:9|Dengan tenteram aku akan membaringkan diri.
137|MAZMUR 127:2|Tuhan memberikan kepada yang dikasihi-Nya pada waktu tidur.
138|YESAYA 26:3|Yang hatinya teguh Kaujagai dalam damai sejahtera.
139|MAZMUR 127:2|Tuhan memberikan kepada yang dikasihi-Nya pada waktu tidur.
140|MAZMUR 4:9|Dengan tenteram aku akan membaringkan diri.
141|MAZMUR 127:2|Tuhan memberikan kepada yang dikasihi-Nya pada waktu tidur.
142|YESAYA 26:3|Yang hatinya teguh Kaujagai dalam damai sejahtera.
143|MAZMUR 127:2|Tuhan memberikan kepada yang dikasihi-Nya pada waktu tidur.
144|MAZMUR 4:9|Dengan tenteram aku akan membaringkan diri.
145|YESAYA 26:3|Yang hatinya teguh Kaujagai dalam damai sejahtera.
146|MAZMUR 4:9|Dengan tenteram aku akan membaringkan diri.
147|MAZMUR 127:2|Tuhan memberikan kepada yang dikasihi-Nya pada waktu tidur.
148|YESAYA 26:3|Yang hatinya teguh Kaujagai dalam damai sejahtera.
149|MAZMUR 127:2|Tuhan memberikan kepada yang dikasihi-Nya pada waktu tidur.
150|MAZMUR 4:9|Dengan tenteram aku akan membaringkan diri.
151|YESAYA 26:3|Yang hatinya teguh Kaujagai dalam damai sejahtera.
152|MAZMUR 4:9|Dengan tenteram aku akan membaringkan diri.
153|MAZMUR 127:2|Tuhan memberikan kepada yang dikasihi-Nya pada waktu tidur.
154|MAZMUR 4:9|Dengan tenteram aku akan membaringkan diri.
155|MAZMUR 127:2|Tuhan memberikan kepada yang dikasihi-Nya pada waktu tidur.
156|YESAYA 26:3|Yang hatinya teguh Kaujagai dalam damai sejahtera.
157|MAZMUR 127:2|Tuhan memberikan kepada yang dikasihi-Nya pada waktu tidur.
158|YESAYA 26:3|Yang hatinya teguh Kaujagai dalam damai sejahtera.
159|MAZMUR 4:9|Dengan tenteram aku akan membaringkan diri.
160|MAZMUR 127:2|Tuhan memberikan kepada yang dikasihi-Nya pada waktu tidur.
161|MAZMUR 4:9|Dengan tenteram aku akan membaringkan diri.
162|YESAYA 26:3|Yang hatinya teguh Kaujagai dalam damai sejahtera.
163|MAZMUR 127:2|Tuhan memberikan kepada yang dikasihi-Nya pada waktu tidur.
164|MAZMUR 4:9|Dengan tenteram aku akan membaringkan diri.
165|YESAYA 26:3|Yang hatinya teguh Kaujagai dalam damai sejahtera.
166|MAZMUR 127:2|Tuhan memberikan kepada yang dikasihi-Nya pada waktu tidur.
167|YESAYA 26:3|Yang hatinya teguh Kaujagai dalam damai sejahtera.
168|MAZMUR 4:9|Dengan tenteram aku akan membaringkan diri.
169|YESAYA 26:3|Yang hatinya teguh Kaujagai dalam damai sejahtera.
170|MAZMUR 127:2|Tuhan memberikan kepada yang dikasihi-Nya pada waktu tidur.
171|YESAYA 26:3|Yang hatinya teguh Kaujagai dalam damai sejahtera.
172|MAZMUR 127:2|Tuhan memberikan kepada yang dikasihi-Nya pada waktu tidur.
173|MAZMUR 4:9|Dengan tenteram aku akan membaringkan diri.
174|MAZMUR 127:2|Tuhan memberikan kepada yang dikasihi-Nya pada waktu tidur.
175|YESAYA 26:3|Yang hatinya teguh Kaujagai dalam damai sejahtera.
176|MAZMUR 4:9|Dengan tenteram aku akan membaringkan diri.
177|MAZMUR 127:2|Tuhan memberikan kepada yang dikasihi-Nya pada waktu tidur.
178|YESAYA 26:3|Yang hatinya teguh Kaujagai dalam damai sejahtera.
179|MAZMUR 4:9|Dengan tenteram aku akan membaringkan diri.
180|MAZMUR 127:2|Tuhan memberikan kepada yang dikasihi-Nya pada waktu tidur.
181|YESAYA 26:3|Yang hatinya teguh Kaujagai dalam damai sejahtera.
182|MAZMUR 4:9|Dengan tenteram aku akan membaringkan diri.
183|YESAYA 26:3|Yang hatinya teguh Kaujagai dalam damai sejahtera.
184|MAZMUR 127:2|Tuhan memberikan kepada yang dikasihi-Nya pada waktu tidur.
185|YESAYA 26:3|Yang hatinya teguh Kaujagai dalam damai sejahtera.
186|MAZMUR 127:2|Tuhan memberikan kepada yang dikasihi-Nya pada waktu tidur.
187|MAZMUR 4:9|Dengan tenteram aku akan membaringkan diri.
188|YESAYA 26:3|Yang hatinya teguh Kaujagai dalam damai sejahtera.
189|MAZMUR 4:9|Dengan tenteram aku akan membaringkan diri.
190|MAZMUR 127:2|Tuhan memberikan kepada yang dikasihi-Nya pada waktu tidur.
191|MAZMUR 4:9|Dengan tenteram aku akan membaringkan diri.
192|YESAYA 26:3|Yang hatinya teguh Kaujagai dalam damai sejahtera.
193|MAZMUR 127:2|Tuhan memberikan kepada yang dikasihi-Nya pada waktu tidur.
194|YESAYA 26:3|Yang hatinya teguh Kaujagai dalam damai sejahtera.
195|MAZMUR 4:9|Dengan tenteram aku akan membaringkan diri.
196|YESAYA 26:3|Yang hatinya teguh Kaujagai dalam damai sejahtera.
197|MAZMUR 127:2|Tuhan memberikan kepada yang dikasihi-Nya pada waktu tidur.
198|MAZMUR 4:9|Dengan tenteram aku akan membaringkan diri.
199|YESAYA 26:3|Yang hatinya teguh Kaujagai dalam damai sejahtera.
200|MAZMUR 127:2|Tuhan memberikan kepada yang dikasihi-Nya pada waktu tidur.
201|MAZMUR 4:9|Dengan tenteram aku akan membaringkan diri.
202|YESAYA 26:3|Yang hatinya teguh Kaujagai dalam damai sejahtera.
203|MAZMUR 127:2|Tuhan memberikan kepada yang dikasihi-Nya pada waktu tidur.
204|YESAYA 26:3|Yang hatinya teguh Kaujagai dalam damai sejahtera.
205|MAZMUR 127:2|Tuhan memberikan kepada yang dikasihi-Nya pada waktu tidur.
206|MAZMUR 4:9|Dengan tenteram aku akan membaringkan diri.
207|YESAYA 26:3|Yang hatinya teguh Kaujagai dalam damai sejahtera.
208|MAZMUR 127:2|Tuhan memberikan kepada yang dikasihi-Nya pada waktu tidur.
209|MAZMUR 4:9|Dengan tenteram aku akan membaringkan diri.
210|YESAYA 26:3|Yang hatinya teguh Kaujagai dalam damai sejahtera.
211|MAZMUR 127:2|Tuhan memberikan kepada yang dikasihi-Nya pada waktu tidur.
212|MAZMUR 4:9|Dengan tenteram aku akan membaringkan diri.
213|YESAYA 26:3|Yang hatinya teguh Kaujagai dalam damai sejahtera.
214|MAZMUR 4:9|Dengan tenteram aku akan membaringkan diri.
215|MAZMUR 127:2|Tuhan memberikan kepada yang dikasihi-Nya pada waktu tidur.
216|MAZMUR 4:9|Dengan tenteram aku akan membaringkan diri.
217|YESAYA 26:3|Yang hatinya teguh Kaujagai dalam damai sejahtera.
218|MAZMUR 127:2|Tuhan memberikan kepada yang dikasihi-Nya pada waktu tidur.
219|MAZMUR 4:9|Dengan tenteram aku akan membaringkan diri.
220|MAZMUR 127:2|Tuhan memberikan kepada yang dikasihi-Nya pada waktu tidur.
221|YESAYA 26:3|Yang hatinya teguh Kaujagai dalam damai sejahtera.
222|MAZMUR 127:2|Tuhan memberikan kepada yang dikasihi-Nya pada waktu tidur.
223|MAZMUR 4:9|Dengan tenteram aku akan membaringkan diri.
224|YESAYA 26:3|Yang hatinya teguh Kaujagai dalam damai sejahtera.
225|MAZMUR 4:9|Dengan tenteram aku akan membaringkan diri.
226|MAZMUR 127:2|Tuhan memberikan kepada yang dikasihi-Nya pada waktu tidur.
227|MAZMUR 4:9|Dengan tenteram aku akan membaringkan diri.
228|YESAYA 26:3|Yang hatinya teguh Kaujagai dalam damai sejahtera.
229|MAZMUR 127:2|Tuhan memberikan kepada yang dikasihi-Nya pada waktu tidur.
230|YESAYA 26:3|Yang hatinya teguh Kaujagai dalam damai sejahtera.
231|MAZMUR 4:9|Dengan tenteram aku akan membaringkan diri.
232|YESAYA 26:3|Yang hatinya teguh Kaujagai dalam damai sejahtera.
233|MAZMUR 127:2|Tuhan memberikan kepada yang dikasihi-Nya pada waktu tidur.
234|MAZMUR 4:9|Dengan tenteram aku akan membaringkan diri.
235|MAZMUR 127:2|Tuhan memberikan kepada yang dikasihi-Nya pada waktu tidur.
236|YESAYA 26:3|Yang hatinya teguh Kaujagai dalam damai sejahtera.
237|MAZMUR 127:2|Tuhan memberikan kepada yang dikasihi-Nya pada waktu tidur.
238|MAZMUR 4:9|Dengan tenteram aku akan membaringkan diri.
239|YESAYA 26:3|Yang hatinya teguh Kaujagai dalam damai sejahtera.
240|MAZMUR 127:2|Tuhan memberikan kepada yang dikasihi-Nya pada waktu tidur.
241|MAZMUR 4:9|Dengan tenteram aku akan membaringkan diri.
242|MAZMUR 127:2|Tuhan memberikan kepada yang dikasihi-Nya pada waktu tidur.
243|YESAYA 26:3|Yang hatinya teguh Kaujagai dalam damai sejahtera.
244|MAZMUR 4:9|Dengan tenteram aku akan membaringkan diri.
245|MAZMUR 127:2|Tuhan memberikan kepada yang dikasihi-Nya pada waktu tidur.
246|YESAYA 26:3|Yang hatinya teguh Kaujagai dalam damai sejahtera.
247|MAZMUR 127:2|Tuhan memberikan kepada yang dikasihi-Nya pada waktu tidur.
248|MAZMUR 4:9|Dengan tenteram aku akan membaringkan diri.
249|MAZMUR 127:2|Tuhan memberikan kepada yang dikasihi-Nya pada waktu tidur.
250|YESAYA 26:3|Yang hatinya teguh Kaujagai dalam damai sejahtera.
251|MAZMUR 4:9|Dengan tenteram aku akan membaringkan diri.
252|YESAYA 26:3|Yang hatinya teguh Kaujagai dalam damai sejahtera.
253|MAZMUR 127:2|Tuhan memberikan kepada yang dikasihi-Nya pada waktu tidur.
254|MAZMUR 4:9|Dengan tenteram aku akan membaringkan diri.
255|MAZMUR 127:2|Tuhan memberikan kepada yang dikasihi-Nya pada waktu tidur.
256|YESAYA 26:3|Yang hatinya teguh Kaujagai dalam damai sejahtera.
257|MAZMUR 4:9|Dengan tenteram aku akan membaringkan diri.
258|MAZMUR 127:2|Tuhan memberikan kepada yang dikasihi-Nya pada waktu tidur.
259|YESAYA 26:3|Yang hatinya teguh Kaujagai dalam damai sejahtera.
260|MAZMUR 127:2|Tuhan memberikan kepada yang dikasihi-Nya pada waktu tidur.
261|MAZMUR 4:9|Dengan tenteram aku akan membaringkan diri.
262|MAZMUR 127:2|Tuhan memberikan kepada yang dikasihi-Nya pada waktu tidur.
263|MAZMUR 4:9|Dengan tenteram aku akan membaringkan diri.
264|YESAYA 26:3|Yang hatinya teguh Kaujagai dalam damai sejahtera.
265|MAZMUR 127:2|Tuhan memberikan kepada yang dikasihi-Nya pada waktu tidur.
266|MAZMUR 4:9|Dengan tenteram aku akan membaringkan diri.
267|YESAYA 26:3|Yang hatinya teguh Kaujagai dalam damai sejahtera.
268|MAZMUR 4:9|Dengan tenteram aku akan membaringkan diri.
269|YESAYA 26:3|Yang hatinya teguh Kaujagai dalam damai sejahtera.
270|MAZMUR 127:2|Tuhan memberikan kepada yang dikasihi-Nya pada waktu tidur.
271|YESAYA 26:3|Yang hatinya teguh Kaujagai dalam damai sejahtera.
272|MAZMUR 4:9|Dengan tenteram aku akan membaringkan diri.
273|MAZMUR 127:2|Tuhan memberikan kepada yang dikasihi-Nya pada waktu tidur.
274|YESAYA 26:3|Yang hatinya teguh Kaujagai dalam damai sejahtera.
275|MAZMUR 4:9|Dengan tenteram aku akan membaringkan diri.
276|MAZMUR 127:2|Tuhan memberikan kepada yang dikasihi-Nya pada waktu tidur.
277|MAZMUR 4:9|Dengan tenteram aku akan membaringkan diri.
278|YESAYA 26:3|Yang hatinya teguh Kaujagai dalam damai sejahtera.
279|MAZMUR 4:9|Dengan tenteram aku akan membaringkan diri.
280|MAZMUR 127:2|Tuhan memberikan kepada yang dikasihi-Nya pada waktu tidur.
281|YESAYA 26:3|Yang hatinya teguh Kaujagai dalam damai sejahtera.
282|MAZMUR 127:2|Tuhan memberikan kepada yang dikasihi-Nya pada waktu tidur.
283|MAZMUR 4:9|Dengan tenteram aku akan membaringkan diri.
284|MAZMUR 127:2|Tuhan memberikan kepada yang dikasihi-Nya pada waktu tidur.
285|MAZMUR 4:9|Dengan tenteram aku akan membaringkan diri.
286|YESAYA 26:3|Yang hatinya teguh Kaujagai dalam damai sejahtera.
287|MAZMUR 127:2|Tuhan memberikan kepada yang dikasihi-Nya pada waktu tidur.
288|MAZMUR 4:9|Dengan tenteram aku akan membaringkan diri.
289|YESAYA 26:3|Yang hatinya teguh Kaujagai dalam damai sejahtera.
290|MAZMUR 4:9|Dengan tenteram aku akan membaringkan diri.
291|YESAYA 26:3|Yang hatinya teguh Kaujagai dalam damai sejahtera.
292|MAZMUR 127:2|Tuhan memberikan kepada yang dikasihi-Nya pada waktu tidur.
293|YESAYA 26:3|Yang hatinya teguh Kaujagai dalam damai sejahtera.
294|MAZMUR 127:2|Tuhan memberikan kepada yang dikasihi-Nya pada waktu tidur.
295|MAZMUR 4:9|Dengan tenteram aku akan membaringkan diri.
296|YESAYA 26:3|Yang hatinya teguh Kaujagai dalam damai sejahtera.
297|MAZMUR 127:2|Tuhan memberikan kepada yang dikasihi-Nya pada waktu tidur.
298|MAZMUR 4:9|Dengan tenteram aku akan membaringkan diri.
299|YESAYA 26:3|Yang hatinya teguh Kaujagai dalam damai sejahtera.
300|MAZMUR 127:2|Tuhan memberikan kepada yang dikasihi-Nya pada waktu tidur.
301|MAZMUR 4:9|Dengan tenteram aku akan membaringkan diri.
302|MAZMUR 127:2|Tuhan memberikan kepada yang dikasihi-Nya pada waktu tidur.
303|YESAYA 26:3|Yang hatinya teguh Kaujagai dalam damai sejahtera.
304|MAZMUR 127:2|Tuhan memberikan kepada yang dikasihi-Nya pada waktu tidur.
305|MAZMUR 4:9|Dengan tenteram aku akan membaringkan diri.
306|YESAYA 26:3|Yang hatinya teguh Kaujagai dalam damai sejahtera.
307|MAZMUR 4:9|Dengan tenteram aku akan membaringkan diri.
308|MAZMUR 127:2|Tuhan memberikan kepada yang dikasihi-Nya pada waktu tidur.
309|YESAYA 26:3|Yang hatinya teguh Kaujagai dalam damai sejahtera.
310|MAZMUR 4:9|Dengan tenteram aku akan membaringkan diri.
311|MAZMUR 127:2|Tuhan memberikan kepada yang dikasihi-Nya pada waktu tidur.
312|YESAYA 26:3|Yang hatinya teguh Kaujagai dalam damai sejahtera.
313|MAZMUR 4:9|Dengan tenteram aku akan membaringkan diri.
314|MAZMUR 127:2|Tuhan memberikan kepada yang dikasihi-Nya pada waktu tidur.
315|YESAYA 26:3|Yang hatinya teguh Kaujagai dalam damai sejahtera.
316|MAZMUR 4:9|Dengan tenteram aku akan membaringkan diri.
317|YESAYA 26:3|Yang hatinya teguh Kaujagai dalam damai sejahtera.
318|MAZMUR 127:2|Tuhan memberikan kepada yang dikasihi-Nya pada waktu tidur.
319|MAZMUR 4:9|Dengan tenteram aku akan membaringkan diri.
320|MAZMUR 127:2|Tuhan memberikan kepada yang dikasihi-Nya pada waktu tidur.
321|YESAYA 26:3|Yang hatinya teguh Kaujagai dalam damai sejahtera.
322|MAZMUR 4:9|Dengan tenteram aku akan membaringkan diri.
323|MAZMUR 127:2|Tuhan memberikan kepada yang dikasihi-Nya pada waktu tidur.
324|YESAYA 26:3|Yang hatinya teguh Kaujagai dalam damai sejahtera.
325|MAZMUR 127:2|Tuhan memberikan kepada yang dikasihi-Nya pada waktu tidur.
326|YESAYA 26:3|Yang hatinya teguh Kaujagai dalam damai sejahtera.
327|MAZMUR 4:9|Dengan tenteram aku akan membaringkan diri.
328|YESAYA 26:3|Yang hatinya teguh Kaujagai dalam damai sejahtera.
329|MAZMUR 127:2|Tuhan memberikan kepada yang dikasihi-Nya pada waktu tidur.
330|MAZMUR 4:9|Dengan tenteram aku akan membaringkan diri.
331|YESAYA 26:3|Yang hatinya teguh Kaujagai dalam damai sejahtera.
332|MAZMUR 127:2|Tuhan memberikan kepada yang dikasihi-Nya pada waktu tidur.
333|MAZMUR 4:9|Dengan tenteram aku akan membaringkan diri.
334|YESAYA 26:3|Yang hatinya teguh Kaujagai dalam damai sejahtera.
335|MAZMUR 127:2|Tuhan memberikan kepada yang dikasihi-Nya pada waktu tidur.
336|MAZMUR 4:9|Dengan tenteram aku akan membaringkan diri.
337|MAZMUR 127:2|Tuhan memberikan kepada yang dikasihi-Nya pada waktu tidur.
338|YESAYA 26:3|Yang hatinya teguh Kaujagai dalam damai sejahtera.
339|MAZMUR 127:2|Tuhan memberikan kepada yang dikasihi-Nya pada waktu tidur.
340|MAZMUR 4:9|Dengan tenteram aku akan membaringkan diri.
341|YESAYA 26:3|Yang hatinya teguh Kaujagai dalam damai sejahtera.
342|MAZMUR 4:9|Dengan tenteram aku akan membaringkan diri.
343|MAZMUR 127:2|Tuhan memberikan kepada yang dikasihi-Nya pada waktu tidur.
344|YESAYA 26:3|Yang hatinya teguh Kaujagai dalam damai sejahtera.
345|MAZMUR 127:2|Tuhan memberikan kepada yang dikasihi-Nya pada waktu tidur.
346|MAZMUR 4:9|Dengan tenteram aku akan membaringkan diri.
347|YESAYA 26:3|Yang hatinya teguh Kaujagai dalam damai sejahtera.
348|MAZMUR 127:2|Tuhan memberikan kepada yang dikasihi-Nya pada waktu tidur.
349|MAZMUR 4:9|Dengan tenteram aku akan membaringkan diri.
350|MAZMUR 127:2|Tuhan memberikan kepada yang dikasihi-Nya pada waktu tidur.
351|YESAYA 26:3|Yang hatinya teguh Kaujagai dalam damai sejahtera.
352|MAZMUR 4:9|Dengan tenteram aku akan membaringkan diri.
353|YESAYA 26:3|Yang hatinya teguh Kaujagai dalam damai sejahtera.
354|MAZMUR 127:2|Tuhan memberikan kepada yang dikasihi-Nya pada waktu tidur.
355|MAZMUR 4:9|Dengan tenteram aku akan membaringkan diri.
356|YESAYA 26:3|Yang hatinya teguh Kaujagai dalam damai sejahtera.
357|MAZMUR 127:2|Tuhan memberikan kepada yang dikasihi-Nya pada waktu tidur.
358|MAZMUR 4:9|Dengan tenteram aku akan membaringkan diri.
359|MAZMUR 127:2|Tuhan memberikan kepada yang dikasihi-Nya pada waktu tidur.
360|YESAYA 26:3|Yang hatinya teguh Kaujagai dalam damai sejahtera.
361|MAZMUR 4:9|Dengan tenteram aku akan membaringkan diri.
362|YESAYA 26:3|Yang hatinya teguh Kaujagai dalam damai sejahtera.
363|MAZMUR 127:2|Tuhan memberikan kepada yang dikasihi-Nya pada waktu tidur.
364|YESAYA 26:3|Yang hatinya teguh Kaujagai dalam damai sejahtera.
365|MAZMUR 4:9|Dengan tenteram aku akan membaringkan diri.
