1|RATAPAN 3:23|Tak berkesudahan kasih setia Tuhan.
2|YESAYA 40:31|Tetapi orang-orang yang menanti-nantikan TUHAN mendapat kekuatan baru.
3|MAZMUR 5:3|Pada waktu pagi Engkau mendengar seruanku.
4|RATAPAN 3:23|Tak berkesudahan kasih setia Tuhan.
5|YESAYA 40:31|Tetapi orang-orang yang menanti-nantikan TUHAN mendapat kekuatan baru.
6|MAZMUR 5:3|Pada waktu pagi Engkau mendengar seruanku.
7|RATAPAN 3:23|Tak berkesudahan kasih setia Tuhan.
8|MAZMUR 5:3|Pada waktu pagi Engkau mendengar seruanku.
9|RATAPAN 3:23|Tak berkesudahan kasih setia Tuhan.
10|YESAYA 40:31|Tetapi orang-orang yang menanti-nantikan TUHAN mendapat kekuatan baru.
11|MAZMUR 5:3|Pada waktu pagi Engkau mendengar seruanku.
12|RATAPAN 3:23|Tak berkesudahan kasih setia Tuhan.
13|YESAYA 40:31|Tetapi orang-orang yang menanti-nantikan TUHAN mendapat kekuatan baru.
14|RATAPAN 3:23|Tak berkesudahan kasih setia Tuhan.
15|MAZMUR 5:3|Pada waktu pagi Engkau mendengar seruanku.
16|YESAYA 40:31|Tetapi orang-orang yang menanti-nantikan TUHAN mendapat kekuatan baru.
17|RATAPAN 3:23|Tak berkesudahan kasih setia Tuhan.
18|MAZMUR 5:3|Pada waktu pagi Engkau mendengar seruanku.
19|RATAPAN 3:23|Tak berkesudahan kasih setia Tuhan.
20|YESAYA 40:31|Tetapi orang-orang yang menanti-nantikan TUHAN mendapat kekuatan baru.
21|RATAPAN 3:23|Tak berkesudahan kasih setia Tuhan.
22|MAZMUR 5:3|Pada waktu pagi Engkau mendengar seruanku.
23|YESAYA 40:31|Tetapi orang-orang yang menanti-nantikan TUHAN mendapat kekuatan baru.
24|MAZMUR 5:3|Pada waktu pagi Engkau mendengar seruanku.
25|RATAPAN 3:23|Tak berkesudahan kasih setia Tuhan.
26|MAZMUR 5:3|Pada waktu pagi Engkau mendengar seruanku.
27|RATAPAN 3:23|Tak berkesudahan kasih setia Tuhan.
28|YESAYA 40:31|Tetapi orang-orang yang menanti-nantikan TUHAN mendapat kekuatan baru.
29|MAZMUR 5:3|Pada waktu pagi Engkau mendengar seruanku.
30|RATAPAN 3:23|Tak berkesudahan kasih setia Tuhan.
31|MAZMUR 5:3|Pada waktu pagi Engkau mendengar seruanku.
32|RATAPAN 3:23|Tak berkesudahan kasih setia Tuhan.
33|YESAYA 40:31|Tetapi orang-orang yang menanti-nantikan TUHAN mendapat kekuatan baru.
34|MAZMUR 5:3|Pada waktu pagi Engkau mendengar seruanku.
35|RATAPAN 3:23|Tak berkesudahan kasih setia Tuhan.
36|YESAYA 40:31|Tetapi orang-orang yang menanti-nantikan TUHAN mendapat kekuatan baru.
37|RATAPAN 3:23|Tak berkesudahan kasih setia Tuhan.
38|MAZMUR 5:3|Pada waktu pagi Engkau mendengar seruanku.
39|YESAYA 40:31|Tetapi orang-orang yang menanti-nantikan TUHAN mendapat kekuatan baru.
40|RATAPAN 3:23|Tak berkesudahan kasih setia Tuhan.
41|MAZMUR 5:3|Pada waktu pagi Engkau mendengar seruanku.
42|YESAYA 40:31|Tetapi orang-orang yang menanti-nantikan TUHAN mendapat kekuatan baru.
43|RATAPAN 3:23|Tak berkesudahan kasih setia Tuhan.
44|MAZMUR 5:3|Pada waktu pagi Engkau mendengar seruanku.
45|RATAPAN 3:23|Tak berkesudahan kasih setia Tuhan.
46|YESAYA 40:31|Tetapi orang-orang yang menanti-nantikan TUHAN mendapat kekuatan baru.
47|RATAPAN 3:23|Tak berkesudahan kasih setia Tuhan.
48|MAZMUR 5:3|Pada waktu pagi Engkau mendengar seruanku.
49|YESAYA 40:31|Tetapi orang-orang yang menanti-nantikan TUHAN mendapat kekuatan baru.
50|MAZMUR 5:3|Pada waktu pagi Engkau mendengar seruanku.
51|RATAPAN 3:23|Tak berkesudahan kasih setia Tuhan.
52|YESAYA 40:31|Tetapi orang-orang yang menanti-nantikan TUHAN mendapat kekuatan baru.
53|RATAPAN 3:23|Tak berkesudahan kasih setia Tuhan.
54|MAZMUR 5:3|Pada waktu pagi Engkau mendengar seruanku.
55|RATAPAN 3:23|Tak berkesudahan kasih setia Tuhan.
56|MAZMUR 5:3|Pada waktu pagi Engkau mendengar seruanku.
57|YESAYA 40:31|Tetapi orang-orang yang menanti-nantikan TUHAN mendapat kekuatan baru.
58|RATAPAN 3:23|Tak berkesudahan kasih setia Tuhan.
59|YESAYA 40:31|Tetapi orang-orang yang menanti-nantikan TUHAN mendapat kekuatan baru.
60|MAZMUR 5:3|Pada waktu pagi Engkau mendengar seruanku.
61|YESAYA 40:31|Tetapi orang-orang yang menanti-nantikan TUHAN mendapat kekuatan baru.
62|RATAPAN 3:23|Tak berkesudahan kasih setia Tuhan.
63|YESAYA 40:31|Tetapi orang-orang yang menanti-nantikan TUHAN mendapat kekuatan baru.
64|MAZMUR 5:3|Pada waktu pagi Engkau mendengar seruanku.
65|YESAYA 40:31|Tetapi orang-orang yang menanti-nantikan TUHAN mendapat kekuatan baru.
66|MAZMUR 5:3|Pada waktu pagi Engkau mendengar seruanku.
67|RATAPAN 3:23|Tak berkesudahan kasih setia Tuhan.
68|YESAYA 40:31|Tetapi orang-orang yang menanti-nantikan TUHAN mendapat kekuatan baru.
69|MAZMUR 5:3|Pada waktu pagi Engkau mendengar seruanku.
70|YESAYA 40:31|Tetapi orang-orang yang menanti-nantikan TUHAN mendapat kekuatan baru.
71|MAZMUR 5:3|Pada waktu pagi Engkau mendengar seruanku.
72|RATAPAN 3:23|Tak berkesudahan kasih setia Tuhan.
73|YESAYA 40:31|Tetapi orang-orang yang menanti-nantikan TUHAN mendapat kekuatan baru.
74|MAZMUR 5:3|Pada waktu pagi Engkau mendengar seruanku.
75|YESAYA 40:31|Tetapi orang-orang yang menanti-nantikan TUHAN mendapat kekuatan baru.
76|RATAPAN 3:23|Tak berkesudahan kasih setia Tuhan.
77|YESAYA 40:31|Tetapi orang-orang yang menanti-nantikan TUHAN mendapat kekuatan baru.
78|RATAPAN 3:23|Tak berkesudahan kasih setia Tuhan.
79|MAZMUR 5:3|Pada waktu pagi Engkau mendengar seruanku.
80|YESAYA 40:31|Tetapi orang-orang yang menanti-nantikan TUHAN mendapat kekuatan baru.
81|MAZMUR 5:3|Pada waktu pagi Engkau mendengar seruanku.
82|RATAPAN 3:23|Tak berkesudahan kasih setia Tuhan.
83|MAZMUR 5:3|Pada waktu pagi Engkau mendengar seruanku.
84|YESAYA 40:31|Tetapi orang-orang yang menanti-nantikan TUHAN mendapat kekuatan baru.
85|RATAPAN 3:23|Tak berkesudahan kasih setia Tuhan.
86|MAZMUR 5:3|Pada waktu pagi Engkau mendengar seruanku.
87|YESAYA 40:31|Tetapi orang-orang yang menanti-nantikan TUHAN mendapat kekuatan baru.
88|RATAPAN 3:23|Tak berkesudahan kasih setia Tuhan.
89|MAZMUR 5:3|Pada waktu pagi Engkau mendengar seruanku.
90|RATAPAN 3:23|Tak berkesudahan kasih setia Tuhan.
91|YESAYA 40:31|Tetapi orang-orang yang menanti-nantikan TUHAN mendapat kekuatan baru.
92|RATAPAN 3:23|Tak berkesudahan kasih setia Tuhan.
93|MAZMUR 5:3|Pada waktu pagi Engkau mendengar seruanku.
94|YESAYA 40:31|Tetapi orang-orang yang menanti-nantikan TUHAN mendapat kekuatan baru.
95|MAZMUR 5:3|Pada waktu pagi Engkau mendengar seruanku.
96|RATAPAN 3:23|Tak berkesudahan kasih setia Tuhan.
97|YESAYA 40:31|Tetapi orang-orang yang menanti-nantikan TUHAN mendapat kekuatan baru.
98|RATAPAN 3:23|Tak berkesudahan kasih setia Tuhan.
99|MAZMUR 5:3|Pada waktu pagi Engkau mendengar seruanku.
100|YESAYA 40:31|Tetapi orang-orang yang menanti-nantikan TUHAN mendapat kekuatan baru.
101|RATAPAN 3:23|Tak berkesudahan kasih setia Tuhan.
102|MAZMUR 5:3|Pada waktu pagi Engkau mendengar seruanku.
103|RATAPAN 3:23|Tak berkesudahan kasih setia Tuhan.
104|YESAYA 40:31|Tetapi orang-orang yang menanti-nantikan TUHAN mendapat kekuatan baru.
105|MAZMUR 5:3|Pada waktu pagi Engkau mendengar seruanku.
106|RATAPAN 3:23|Tak berkesudahan kasih setia Tuhan.
107|YESAYA 40:31|Tetapi orang-orang yang menanti-nantikan TUHAN mendapat kekuatan baru.
108|MAZMUR 5:3|Pada waktu pagi Engkau mendengar seruanku.
109|YESAYA 40:31|Tetapi orang-orang yang menanti-nantikan TUHAN mendapat kekuatan baru.
110|RATAPAN 3:23|Tak berkesudahan kasih setia Tuhan.
111|MAZMUR 5:3|Pada waktu pagi Engkau mendengar seruanku.
112|RATAPAN 3:23|Tak berkesudahan kasih setia Tuhan.
113|YESAYA 40:31|Tetapi orang-orang yang menanti-nantikan TUHAN mendapat kekuatan baru.
114|RATAPAN 3:23|Tak berkesudahan kasih setia Tuhan.
115|MAZMUR 5:3|Pada waktu pagi Engkau mendengar seruanku.
116|YESAYA 40:31|Tetapi orang-orang yang menanti-nantikan TUHAN mendapat kekuatan baru.
117|MAZMUR 5:3|Pada waktu pagi Engkau mendengar seruanku.
118|RATAPAN 3:23|Tak berkesudahan kasih setia Tuhan.
119|YESAYA 40:31|Tetapi orang-orang yang menanti-nantikan TUHAN mendapat kekuatan baru.
120|MAZMUR 5:3|Pada waktu pagi Engkau mendengar seruanku.
121|RATAPAN 3:23|Tak berkesudahan kasih setia Tuhan.
122|MAZMUR 5:3|Pada waktu pagi Engkau mendengar seruanku.
123|RATAPAN 3:23|Tak berkesudahan kasih setia Tuhan.
124|YESAYA 40:31|Tetapi orang-orang yang menanti-nantikan TUHAN mendapat kekuatan baru.
125|MAZMUR 5:3|Pada waktu pagi Engkau mendengar seruanku.
126|RATAPAN 3:23|Tak berkesudahan kasih setia Tuhan.
127|YESAYA 40:31|Tetapi orang-orang yang menanti-nantikan TUHAN mendapat kekuatan baru.
128|MAZMUR 5:3|Pada waktu pagi Engkau mendengar seruanku.
129|RATAPAN 3:23|Tak berkesudahan kasih setia Tuhan.
130|YESAYA 40:31|Tetapi orang-orang yang menanti-nantikan TUHAN mendapat kekuatan baru.
131|MAZMUR 5:3|Pada waktu pagi Engkau mendengar seruanku.
132|YESAYA 40:31|Tetapi orang-orang yang menanti-nantikan TUHAN mendapat kekuatan baru.
133|RATAPAN 3:23|Tak berkesudahan kasih setia Tuhan.
134|MAZMUR 5:3|Pada waktu pagi Engkau mendengar seruanku.
135|YESAYA 40:31|Tetapi orang-orang yang menanti-nantikan TUHAN mendapat kekuatan baru.
136|MAZMUR 5:3|Pada waktu pagi Engkau mendengar seruanku.
137|RATAPAN 3:23|Tak berkesudahan kasih setia Tuhan.
138|MAZMUR 5:3|Pada waktu pagi Engkau mendengar seruanku.
139|RATAPAN 3:23|Tak berkesudahan kasih setia Tuhan.
140|YESAYA 40:31|Tetapi orang-orang yang menanti-nantikan TUHAN mendapat kekuatan baru.
141|MAZMUR 5:3|Pada waktu pagi Engkau mendengar seruanku.
142|RATAPAN 3:23|Tak berkesudahan kasih setia Tuhan.
143|YESAYA 40:31|Tetapi orang-orang yang menanti-nantikan TUHAN mendapat kekuatan baru.
144|MAZMUR 5:3|Pada waktu pagi Engkau mendengar seruanku.
145|RATAPAN 3:23|Tak berkesudahan kasih setia Tuhan.
146|YESAYA 40:31|Tetapi orang-orang yang menanti-nantikan TUHAN mendapat kekuatan baru.
147|MAZMUR 5:3|Pada waktu pagi Engkau mendengar seruanku.
148|YESAYA 40:31|Tetapi orang-orang yang menanti-nantikan TUHAN mendapat kekuatan baru.
149|RATAPAN 3:23|Tak berkesudahan kasih setia Tuhan.
150|MAZMUR 5:3|Pada waktu pagi Engkau mendengar seruanku.
151|RATAPAN 3:23|Tak berkesudahan kasih setia Tuhan.
152|MAZMUR 5:3|Pada waktu pagi Engkau mendengar seruanku.
153|YESAYA 40:31|Tetapi orang-orang yang menanti-nantikan TUHAN mendapat kekuatan baru.
154|RATAPAN 3:23|Tak berkesudahan kasih setia Tuhan.
155|MAZMUR 5:3|Pada waktu pagi Engkau mendengar seruanku.
156|YESAYA 40:31|Tetapi orang-orang yang menanti-nantikan TUHAN mendapat kekuatan baru.
157|RATAPAN 3:23|Tak berkesudahan kasih setia Tuhan.
158|MAZMUR 5:3|Pada waktu pagi Engkau mendengar seruanku.
159|YESAYA 40:31|Tetapi orang-orang yang menanti-nantikan TUHAN mendapat kekuatan baru.
160|RATAPAN 3:23|Tak berkesudahan kasih setia Tuhan.
161|YESAYA 40:31|Tetapi orang-orang yang menanti-nantikan TUHAN mendapat kekuatan baru.
162|MAZMUR 5:3|Pada waktu pagi Engkau mendengar seruanku.
163|YESAYA 40:31|Tetapi orang-orang yang menanti-nantikan TUHAN mendapat kekuatan baru.
164|MAZMUR 5:3|Pada waktu pagi Engkau mendengar seruanku.
165|RATAPAN 3:23|Tak berkesudahan kasih setia Tuhan.
166|YESAYA 40:31|Tetapi orang-orang yang menanti-nantikan TUHAN mendapat kekuatan baru.
167|MAZMUR 5:3|Pada waktu pagi Engkau mendengar seruanku.
168|YESAYA 40:31|Tetapi orang-orang yang menanti-nantikan TUHAN mendapat kekuatan baru.
169|MAZMUR 5:3|Pada waktu pagi Engkau mendengar seruanku.
170|RATAPAN 3:23|Tak berkesudahan kasih setia Tuhan.
171|MAZMUR 5:3|Pada waktu pagi Engkau mendengar seruanku.
172|RATAPAN 3:23|Tak berkesudahan kasih setia Tuhan.
173|YESAYA 40:31|Tetapi orang-orang yang menanti-nantikan TUHAN mendapat kekuatan baru.
174|MAZMUR 5:3|Pada waktu pagi Engkau mendengar seruanku.
175|YESAYA 40:31|Tetapi orang-orang yang menanti-nantikan TUHAN mendapat kekuatan baru.
176|RATAPAN 3:23|Tak berkesudahan kasih setia Tuhan.
177|MAZMUR 5:3|Pada waktu pagi Engkau mendengar seruanku.
178|YESAYA 40:31|Tetapi orang-orang yang menanti-nantikan TUHAN mendapat kekuatan baru.
179|RATAPAN 3:23|Tak berkesudahan kasih setia Tuhan.
180|YESAYA 40:31|Tetapi orang-orang yang menanti-nantikan TUHAN mendapat kekuatan baru.
181|MAZMUR 5:3|Pada waktu pagi Engkau mendengar seruanku.
182|RATAPAN 3:23|Tak berkesudahan kasih setia Tuhan.
183|MAZMUR 5:3|Pada waktu pagi Engkau mendengar seruanku.
184|YESAYA 40:31|Tetapi orang-orang yang menanti-nantikan TUHAN mendapat kekuatan baru.
185|RATAPAN 3:23|Tak berkesudahan kasih setia Tuhan.
186|MAZMUR 5:3|Pada waktu pagi Engkau mendengar seruanku.
187|RATAPAN 3:23|Tak berkesudahan kasih setia Tuhan.
188|MAZMUR 5:3|Pada waktu pagi Engkau mendengar seruanku.
189|YESAYA 40:31|Tetapi orang-orang yang menanti-nantikan TUHAN mendapat kekuatan baru.
190|RATAPAN 3:23|Tak berkesudahan kasih setia Tuhan.
191|MAZMUR 5:3|Pada waktu pagi Engkau mendengar seruanku.
192|YESAYA 40:31|Tetapi orang-orang yang menanti-nantikan TUHAN mendapat kekuatan baru.
193|RATAPAN 3:23|Tak berkesudahan kasih setia Tuhan.
194|MAZMUR 5:3|Pada waktu pagi Engkau mendengar seruanku.
195|YESAYA 40:31|Tetapi orang-orang yang menanti-nantikan TUHAN mendapat kekuatan baru.
196|MAZMUR 5:3|Pada waktu pagi Engkau mendengar seruanku.
197|RATAPAN 3:23|Tak berkesudahan kasih setia Tuhan.
198|MAZMUR 5:3|Pada waktu pagi Engkau mendengar seruanku.
199|RATAPAN 3:23|Tak berkesudahan kasih setia Tuhan.
200|YESAYA 40:31|Tetapi orang-orang yang menanti-nantikan TUHAN mendapat kekuatan baru.
201|MAZMUR 5:3|Pada waktu pagi Engkau mendengar seruanku.
202|RATAPAN 3:23|Tak berkesudahan kasih setia Tuhan.
203|MAZMUR 5:3|Pada waktu pagi Engkau mendengar seruanku.
204|RATAPAN 3:23|Tak berkesudahan kasih setia Tuhan.
205|YESAYA 40:31|Tetapi orang-orang yang menanti-nantikan TUHAN mendapat kekuatan baru.
206|MAZMUR 5:3|Pada waktu pagi Engkau mendengar seruanku.
207|YESAYA 40:31|Tetapi orang-orang yang menanti-nantikan TUHAN mendapat kekuatan baru.
208|RATAPAN 3:23|Tak berkesudahan kasih setia Tuhan.
209|MAZMUR 5:3|Pada waktu pagi Engkau mendengar seruanku.
210|YESAYA 40:31|Tetapi orang-orang yang menanti-nantikan TUHAN mendapat kekuatan baru.
211|RATAPAN 3:23|Tak berkesudahan kasih setia Tuhan.
212|YESAYA 40:31|Tetapi orang-orang yang menanti-nantikan TUHAN mendapat kekuatan baru.
213|MAZMUR 5:3|Pada waktu pagi Engkau mendengar seruanku.
214|RATAPAN 3:23|Tak berkesudahan kasih setia Tuhan.
215|YESAYA 40:31|Tetapi orang-orang yang menanti-nantikan TUHAN mendapat kekuatan baru.
216|RATAPAN 3:23|Tak berkesudahan kasih setia Tuhan.
217|MAZMUR 5:3|Pada waktu pagi Engkau mendengar seruanku.
218|YESAYA 40:31|Tetapi orang-orang yang menanti-nantikan TUHAN mendapat kekuatan baru.
219|MAZMUR 5:3|Pada waktu pagi Engkau mendengar seruanku.
220|RATAPAN 3:23|Tak berkesudahan kasih setia Tuhan.
221|YESAYA 40:31|Tetapi orang-orang yang menanti-nantikan TUHAN mendapat kekuatan baru.
222|MAZMUR 5:3|Pada waktu pagi Engkau mendengar seruanku.
223|RATAPAN 3:23|Tak berkesudahan kasih setia Tuhan.
224|YESAYA 40:31|Tetapi orang-orang yang menanti-nantikan TUHAN mendapat kekuatan baru.
225|RATAPAN 3:23|Tak berkesudahan kasih setia Tuhan.
226|MAZMUR 5:3|Pada waktu pagi Engkau mendengar seruanku.
227|YESAYA 40:31|Tetapi orang-orang yang menanti-nantikan TUHAN mendapat kekuatan baru.
228|RATAPAN 3:23|Tak berkesudahan kasih setia Tuhan.
229|YESAYA 40:31|Tetapi orang-orang yang menanti-nantikan TUHAN mendapat kekuatan baru.
230|MAZMUR 5:3|Pada waktu pagi Engkau mendengar seruanku.
231|YESAYA 40:31|Tetapi orang-orang yang menanti-nantikan TUHAN mendapat kekuatan baru.
232|MAZMUR 5:3|Pada waktu pagi Engkau mendengar seruanku.
233|RATAPAN 3:23|Tak berkesudahan kasih setia Tuhan.
234|MAZMUR 5:3|Pada waktu pagi Engkau mendengar seruanku.
235|RATAPAN 3:23|Tak berkesudahan kasih setia Tuhan.
236|YESAYA 40:31|Tetapi orang-orang yang menanti-nantikan TUHAN mendapat kekuatan baru.
237|RATAPAN 3:23|Tak berkesudahan kasih setia Tuhan.
238|MAZMUR 5:3|Pada waktu pagi Engkau mendengar seruanku.
239|YESAYA 40:31|Tetapi orang-orang yang menanti-nantikan TUHAN mendapat kekuatan baru.
240|MAZMUR 5:3|Pada waktu pagi Engkau mendengar seruanku.
241|RATAPAN 3:23|Tak berkesudahan kasih setia Tuhan.
242|MAZMUR 5:3|Pada waktu pagi Engkau mendengar seruanku.
243|YESAYA 40:31|Tetapi orang-orang yang menanti-nantikan TUHAN mendapat kekuatan baru.
244|MAZMUR 5:3|Pada waktu pagi Engkau mendengar seruanku.
245|YESAYA 40:31|Tetapi orang-orang yang menanti-nantikan TUHAN mendapat kekuatan baru.
246|RATAPAN 3:23|Tak berkesudahan kasih setia Tuhan.
247|YESAYA 40:31|Tetapi orang-orang yang menanti-nantikan TUHAN mendapat kekuatan baru.
248|RATAPAN 3:23|Tak berkesudahan kasih setia Tuhan.
249|MAZMUR 5:3|Pada waktu pagi Engkau mendengar seruanku.
250|RATAPAN 3:23|Tak berkesudahan kasih setia Tuhan.
251|MAZMUR 5:3|Pada waktu pagi Engkau mendengar seruanku.
252|YESAYA 40:31|Tetapi orang-orang yang menanti-nantikan TUHAN mendapat kekuatan baru.
253|RATAPAN 3:23|Tak berkesudahan kasih setia Tuhan.
254|YESAYA 40:31|Tetapi orang-orang yang menanti-nantikan TUHAN mendapat kekuatan baru.
255|MAZMUR 5:3|Pada waktu pagi Engkau mendengar seruanku.
256|RATAPAN 3:23|Tak berkesudahan kasih setia Tuhan.
257|MAZMUR 5:3|Pada waktu pagi Engkau mendengar seruanku.
258|YESAYA 40:31|Tetapi orang-orang yang menanti-nantikan TUHAN mendapat kekuatan baru.
259|MAZMUR 5:3|Pada waktu pagi Engkau mendengar seruanku.
260|YESAYA 40:31|Tetapi orang-orang yang menanti-nantikan TUHAN mendapat kekuatan baru.
261|RATAPAN 3:23|Tak berkesudahan kasih setia Tuhan.
262|MAZMUR 5:3|Pada waktu pagi Engkau mendengar seruanku.
263|YESAYA 40:31|Tetapi orang-orang yang menanti-nantikan TUHAN mendapat kekuatan baru.
264|RATAPAN 3:23|Tak berkesudahan kasih setia Tuhan.
265|YESAYA 40:31|Tetapi orang-orang yang menanti-nantikan TUHAN mendapat kekuatan baru.
266|MAZMUR 5:3|Pada waktu pagi Engkau mendengar seruanku.
267|YESAYA 40:31|Tetapi orang-orang yang menanti-nantikan TUHAN mendapat kekuatan baru.
268|RATAPAN 3:23|Tak berkesudahan kasih setia Tuhan.
269|YESAYA 40:31|Tetapi orang-orang yang menanti-nantikan TUHAN mendapat kekuatan baru.
270|MAZMUR 5:3|Pada waktu pagi Engkau mendengar seruanku.
271|YESAYA 40:31|Tetapi orang-orang yang menanti-nantikan TUHAN mendapat kekuatan baru.
272|RATAPAN 3:23|Tak berkesudahan kasih setia Tuhan.
273|YESAYA 40:31|Tetapi orang-orang yang menanti-nantikan TUHAN mendapat kekuatan baru.
274|MAZMUR 5:3|Pada waktu pagi Engkau mendengar seruanku.
275|RATAPAN 3:23|Tak berkesudahan kasih setia Tuhan.
276|YESAYA 40:31|Tetapi orang-orang yang menanti-nantikan TUHAN mendapat kekuatan baru.
277|MAZMUR 5:3|Pada waktu pagi Engkau mendengar seruanku.
278|RATAPAN 3:23|Tak berkesudahan kasih setia Tuhan.
279|YESAYA 40:31|Tetapi orang-orang yang menanti-nantikan TUHAN mendapat kekuatan baru.
280|RATAPAN 3:23|Tak berkesudahan kasih setia Tuhan.
281|YESAYA 40:31|Tetapi orang-orang yang menanti-nantikan TUHAN mendapat kekuatan baru.
282|MAZMUR 5:3|Pada waktu pagi Engkau mendengar seruanku.
283|YESAYA 40:31|Tetapi orang-orang yang menanti-nantikan TUHAN mendapat kekuatan baru.
284|MAZMUR 5:3|Pada waktu pagi Engkau mendengar seruanku.
285|RATAPAN 3:23|Tak berkesudahan kasih setia Tuhan.
286|MAZMUR 5:3|Pada waktu pagi Engkau mendengar seruanku.
287|YESAYA 40:31|Tetapi orang-orang yang menanti-nantikan TUHAN mendapat kekuatan baru.
288|RATAPAN 3:23|Tak berkesudahan kasih setia Tuhan.
289|MAZMUR 5:3|Pada waktu pagi Engkau mendengar seruanku.
290|YESAYA 40:31|Tetapi orang-orang yang menanti-nantikan TUHAN mendapat kekuatan baru.
291|RATAPAN 3:23|Tak berkesudahan kasih setia Tuhan.
292|MAZMUR 5:3|Pada waktu pagi Engkau mendengar seruanku.
293|YESAYA 40:31|Tetapi orang-orang yang menanti-nantikan TUHAN mendapat kekuatan baru.
294|RATAPAN 3:23|Tak berkesudahan kasih setia Tuhan.
295|YESAYA 40:31|Tetapi orang-orang yang menanti-nantikan TUHAN mendapat kekuatan baru.
296|RATAPAN 3:23|Tak berkesudahan kasih setia Tuhan.
297|MAZMUR 5:3|Pada waktu pagi Engkau mendengar seruanku.
298|YESAYA 40:31|Tetapi orang-orang yang menanti-nantikan TUHAN mendapat kekuatan baru.
299|RATAPAN 3:23|Tak berkesudahan kasih setia Tuhan.
300|MAZMUR 5:3|Pada waktu pagi Engkau mendengar seruanku.
301|YESAYA 40:31|Tetapi orang-orang yang menanti-nantikan TUHAN mendapat kekuatan baru.
302|RATAPAN 3:23|Tak berkesudahan kasih setia Tuhan.
303|MAZMUR 5:3|Pada waktu pagi Engkau mendengar seruanku.
304|YESAYA 40:31|Tetapi orang-orang yang menanti-nantikan TUHAN mendapat kekuatan baru.
305|MAZMUR 5:3|Pada waktu pagi Engkau mendengar seruanku.
306|RATAPAN 3:23|Tak berkesudahan kasih setia Tuhan.
307|YESAYA 40:31|Tetapi orang-orang yang menanti-nantikan TUHAN mendapat kekuatan baru.
308|RATAPAN 3:23|Tak berkesudahan kasih setia Tuhan.
309|YESAYA 40:31|Tetapi orang-orang yang menanti-nantikan TUHAN mendapat kekuatan baru.
310|MAZMUR 5:3|Pada waktu pagi Engkau mendengar seruanku.
311|YESAYA 40:31|Tetapi orang-orang yang menanti-nantikan TUHAN mendapat kekuatan baru.
312|MAZMUR 5:3|Pada waktu pagi Engkau mendengar seruanku.
313|RATAPAN 3:23|Tak berkesudahan kasih setia Tuhan.
314|YESAYA 40:31|Tetapi orang-orang yang menanti-nantikan TUHAN mendapat kekuatan baru.
315|RATAPAN 3:23|Tak berkesudahan kasih setia Tuhan.
316|MAZMUR 5:3|Pada waktu pagi Engkau mendengar seruanku.
317|YESAYA 40:31|Tetapi orang-orang yang menanti-nantikan TUHAN mendapat kekuatan baru.
318|RATAPAN 3:23|Tak berkesudahan kasih setia Tuhan.
319|MAZMUR 5:3|Pada waktu pagi Engkau mendengar seruanku.
320|RATAPAN 3:23|Tak berkesudahan kasih setia Tuhan.
321|YESAYA 40:31|Tetapi orang-orang yang menanti-nantikan TUHAN mendapat kekuatan baru.
322|MAZMUR 5:3|Pada waktu pagi Engkau mendengar seruanku.
323|RATAPAN 3:23|Tak berkesudahan kasih setia Tuhan.
324|YESAYA 40:31|Tetapi orang-orang yang menanti-nantikan TUHAN mendapat kekuatan baru.
325|RATAPAN 3:23|Tak berkesudahan kasih setia Tuhan.
326|MAZMUR 5:3|Pada waktu pagi Engkau mendengar seruanku.
327|YESAYA 40:31|Tetapi orang-orang yang menanti-nantikan TUHAN mendapat kekuatan baru.
328|RATAPAN 3:23|Tak berkesudahan kasih setia Tuhan.
329|MAZMUR 5:3|Pada waktu pagi Engkau mendengar seruanku.
330|YESAYA 40:31|Tetapi orang-orang yang menanti-nantikan TUHAN mendapat kekuatan baru.
331|MAZMUR 5:3|Pada waktu pagi Engkau mendengar seruanku.
332|RATAPAN 3:23|Tak berkesudahan kasih setia Tuhan.
333|MAZMUR 5:3|Pada waktu pagi Engkau mendengar seruanku.
334|RATAPAN 3:23|Tak berkesudahan kasih setia Tuhan.
335|YESAYA 40:31|Tetapi orang-orang yang menanti-nantikan TUHAN mendapat kekuatan baru.
336|MAZMUR 5:3|Pada waktu pagi Engkau mendengar seruanku.
337|RATAPAN 3:23|Tak berkesudahan kasih setia Tuhan.
338|YESAYA 40:31|Tetapi orang-orang yang menanti-nantikan TUHAN mendapat kekuatan baru.
339|RATAPAN 3:23|Tak berkesudahan kasih setia Tuhan.
340|MAZMUR 5:3|Pada waktu pagi Engkau mendengar seruanku.
341|RATAPAN 3:23|Tak berkesudahan kasih setia Tuhan.
342|YESAYA 40:31|Tetapi orang-orang yang menanti-nantikan TUHAN mendapat kekuatan baru.
343|MAZMUR 5:3|Pada waktu pagi Engkau mendengar seruanku.
344|YESAYA 40:31|Tetapi orang-orang yang menanti-nantikan TUHAN mendapat kekuatan baru.
345|RATAPAN 3:23|Tak berkesudahan kasih setia Tuhan.
346|MAZMUR 5:3|Pada waktu pagi Engkau mendengar seruanku.
347|RATAPAN 3:23|Tak berkesudahan kasih setia Tuhan.
348|YESAYA 40:31|Tetapi orang-orang yang menanti-nantikan TUHAN mendapat kekuatan baru.
349|MAZMUR 5:3|Pada waktu pagi Engkau mendengar seruanku.
350|YESAYA 40:31|Tetapi orang-orang yang menanti-nantikan TUHAN mendapat kekuatan baru.
351|RATAPAN 3:23|Tak berkesudahan kasih setia Tuhan.
352|MAZMUR 5:3|Pada waktu pagi Engkau mendengar seruanku.
353|YESAYA 40:31|Tetapi orang-orang yang menanti-nantikan TUHAN mendapat kekuatan baru.
354|RATAPAN 3:23|Tak berkesudahan kasih setia Tuhan.
355|MAZMUR 5:3|Pada waktu pagi Engkau mendengar seruanku.
356|YESAYA 40:31|Tetapi orang-orang yang menanti-nantikan TUHAN mendapat kekuatan baru.
357|RATAPAN 3:23|Tak berkesudahan kasih setia Tuhan.
358|YESAYA 40:31|Tetapi orang-orang yang menanti-nantikan TUHAN mendapat kekuatan baru.
359|MAZMUR 5:3|Pada waktu pagi Engkau mendengar seruanku.
360|YESAYA 40:31|Tetapi orang-orang yang menanti-nantikan TUHAN mendapat kekuatan baru.
361|RATAPAN 3:23|Tak berkesudahan kasih setia Tuhan.
362|MAZMUR 5:3|Pada waktu pagi Engkau mendengar seruanku.
363|YESAYA 40:31|Tetapi orang-orang yang menanti-nantikan TUHAN mendapat kekuatan baru.
364|RATAPAN 3:23|Tak berkesudahan kasih setia Tuhan.
365|MAZMUR 5:3|Pada waktu pagi Engkau mendengar seruanku.
