1|FILIPI 4:13|Segala perkara dapat kutanggung di dalam Dia.
2|YOSUA 1:9|Kuatkan dan teguhkanlah hatimu.
3|AMSAL 3:5|Percayalah kepada TUHAN dengan segenap hatimu.
4|YOSUA 1:9|Kuatkan dan teguhkanlah hatimu.
5|FILIPI 4:13|Segala perkara dapat kutanggung di dalam Dia.
6|AMSAL 3:5|Percayalah kepada TUHAN dengan segenap hatimu.
7|YOSUA 1:9|Kuatkan dan teguhkanlah hatimu.
8|FILIPI 4:13|Segala perkara dapat kutanggung di dalam Dia.
9|YOSUA 1:9|Kuatkan dan teguhkanlah hatimu.
10|FILIPI 4:13|Segala perkara dapat kutanggung di dalam Dia.
11|AMSAL 3:5|Percayalah kepada TUHAN dengan segenap hatimu.
12|FILIPI 4:13|Segala perkara dapat kutanggung di dalam Dia.
13|YOSUA 1:9|Kuatkan dan teguhkanlah hatimu.
14|AMSAL 3:5|Percayalah kepada TUHAN dengan segenap hatimu.
15|FILIPI 4:13|Segala perkara dapat kutanggung di dalam Dia.
16|AMSAL 3:5|Percayalah kepada TUHAN dengan segenap hatimu.
17|YOSUA 1:9|Kuatkan dan teguhkanlah hatimu.
18|FILIPI 4:13|Segala perkara dapat kutanggung di dalam Dia.
19|YOSUA 1:9|Kuatkan dan teguhkanlah hatimu.
20|AMSAL 3:5|Percayalah kepada TUHAN dengan segenap hatimu.
21|FILIPI 4:13|Segala perkara dapat kutanggung di dalam Dia.
22|YOSUA 1:9|Kuatkan dan teguhkanlah hatimu.
23|AMSAL 3:5|Percayalah kepada TUHAN dengan segenap hatimu.
24|FILIPI 4:13|Segala perkara dapat kutanggung di dalam Dia.
25|AMSAL 3:5|Percayalah kepada TUHAN dengan segenap hatimu.
26|YOSUA 1:9|Kuatkan dan teguhkanlah hatimu.
27|AMSAL 3:5|Percayalah kepada TUHAN dengan segenap hatimu.
28|FILIPI 4:13|Segala perkara dapat kutanggung di dalam Dia.
29|AMSAL 3:5|Percayalah kepada TUHAN dengan segenap hatimu.
30|YOSUA 1:9|Kuatkan dan teguhkanlah hatimu.
31|AMSAL 3:5|Percayalah kepada TUHAN dengan segenap hatimu.
32|FILIPI 4:13|Segala perkara dapat kutanggung di dalam Dia.
33|YOSUA 1:9|Kuatkan dan teguhkanlah hatimu.
34|AMSAL 3:5|Percayalah kepada TUHAN dengan segenap hatimu.
35|YOSUA 1:9|Kuatkan dan teguhkanlah hatimu.
36|FILIPI 4:13|Segala perkara dapat kutanggung di dalam Dia.
37|YOSUA 1:9|Kuatkan dan teguhkanlah hatimu.
38|FILIPI 4:13|Segala perkara dapat kutanggung di dalam Dia.
39|AMSAL 3:5|Percayalah kepada TUHAN dengan segenap hatimu.
40|YOSUA 1:9|Kuatkan dan teguhkanlah hatimu.
41|FILIPI 4:13|Segala perkara dapat kutanggung di dalam Dia.
42|AMSAL 3:5|Percayalah kepada TUHAN dengan segenap hatimu.
43|FILIPI 4:13|Segala perkara dapat kutanggung di dalam Dia.
44|YOSUA 1:9|Kuatkan dan teguhkanlah hatimu.
45|FILIPI 4:13|Segala perkara dapat kutanggung di dalam Dia.
46|AMSAL 3:5|Percayalah kepada TUHAN dengan segenap hatimu.
47|YOSUA 1:9|Kuatkan dan teguhkanlah hatimu.
48|AMSAL 3:5|Percayalah kepada TUHAN dengan segenap hatimu.
49|FILIPI 4:13|Segala perkara dapat kutanggung di dalam Dia.
50|AMSAL 3:5|Percayalah kepada TUHAN dengan segenap hatimu.
51|FILIPI 4:13|Segala perkara dapat kutanggung di dalam Dia.
52|YOSUA 1:9|Kuatkan dan teguhkanlah hatimu.
53|FILIPI 4:13|Segala perkara dapat kutanggung di dalam Dia.
54|AMSAL 3:5|Percayalah kepada TUHAN dengan segenap hatimu.
55|FILIPI 4:13|Segala perkara dapat kutanggung di dalam Dia.
56|AMSAL 3:5|Percayalah kepada TUHAN dengan segenap hatimu.
57|YOSUA 1:9|Kuatkan dan teguhkanlah hatimu.
58|AMSAL 3:5|Percayalah kepada TUHAN dengan segenap hatimu.
59|FILIPI 4:13|Segala perkara dapat kutanggung di dalam Dia.
60|YOSUA 1:9|Kuatkan dan teguhkanlah hatimu.
61|AMSAL 3:5|Percayalah kepada TUHAN dengan segenap hatimu.
62|FILIPI 4:13|Segala perkara dapat kutanggung di dalam Dia.
63|AMSAL 3:5|Percayalah kepada TUHAN dengan segenap hatimu.
64|FILIPI 4:13|Segala perkara dapat kutanggung di dalam Dia.
65|YOSUA 1:9|Kuatkan dan teguhkanlah hatimu.
66|AMSAL 3:5|Percayalah kepada TUHAN dengan segenap hatimu.
67|FILIPI 4:13|Segala perkara dapat kutanggung di dalam Dia.
68|AMSAL 3:5|Percayalah kepada TUHAN dengan segenap hatimu.
69|FILIPI 4:13|Segala perkara dapat kutanggung di dalam Dia.
70|YOSUA 1:9|Kuatkan dan teguhkanlah hatimu.
71|AMSAL 3:5|Percayalah kepada TUHAN dengan segenap hatimu.
72|FILIPI 4:13|Segala perkara dapat kutanggung di dalam Dia.
73|YOSUA 1:9|Kuatkan dan teguhkanlah hatimu.
74|AMSAL 3:5|Percayalah kepada TUHAN dengan segenap hatimu.
75|YOSUA 1:9|Kuatkan dan teguhkanlah hatimu.
76|FILIPI 4:13|Segala perkara dapat kutanggung di dalam Dia.
77|YOSUA 1:9|Kuatkan dan teguhkanlah hatimu.
78|FILIPI 4:13|Segala perkara dapat kutanggung di dalam Dia.
79|AMSAL 3:5|Percayalah kepada TUHAN dengan segenap hatimu.
80|YOSUA 1:9|Kuatkan dan teguhkanlah hatimu.
81|AMSAL 3:5|Percayalah kepada TUHAN dengan segenap hatimu.
82|FILIPI 4:13|Segala perkara dapat kutanggung di dalam Dia.
83|YOSUA 1:9|Kuatkan dan teguhkanlah hatimu.
84|AMSAL 3:5|Percayalah kepada TUHAN dengan segenap hatimu.
85|YOSUA 1:9|Kuatkan dan teguhkanlah hatimu.
86|FILIPI 4:13|Segala perkara dapat kutanggung di dalam Dia.
87|AMSAL 3:5|Percayalah kepada TUHAN dengan segenap hatimu.
88|YOSUA 1:9|Kuatkan dan teguhkanlah hatimu.
89|AMSAL 3:5|Percayalah kepada TUHAN dengan segenap hatimu.
90|FILIPI 4:13|Segala perkara dapat kutanggung di dalam Dia.
91|YOSUA 1:9|Kuatkan dan teguhkanlah hatimu.
92|AMSAL 3:5|Percayalah kepada TUHAN dengan segenap hatimu.
93|YOSUA 1:9|Kuatkan dan teguhkanlah hatimu.
94|FILIPI 4:13|Segala perkara dapat kutanggung di dalam Dia.
95|YOSUA 1:9|Kuatkan dan teguhkanlah hatimu.
96|FILIPI 4:13|Segala perkara dapat kutanggung di dalam Dia.
97|AMSAL 3:5|Percayalah kepada TUHAN dengan segenap hatimu.
98|YOSUA 1:9|Kuatkan dan teguhkanlah hatimu.
99|AMSAL 3:5|Percayalah kepada TUHAN dengan segenap hatimu.
100|FILIPI 4:13|Segala perkara dapat kutanggung di dalam Dia.
101|YOSUA 1:9|Kuatkan dan teguhkanlah hatimu.
102|AMSAL 3:5|Percayalah kepada TUHAN dengan segenap hatimu.
103|FILIPI 4:13|Segala perkara dapat kutanggung di dalam Dia.
104|YOSUA 1:9|Kuatkan dan teguhkanlah hatimu.
105|AMSAL 3:5|Percayalah kepada TUHAN dengan segenap hatimu.
106|FILIPI 4:13|Segala perkara dapat kutanggung di dalam Dia.
107|YOSUA 1:9|Kuatkan dan teguhkanlah hatimu.
108|FILIPI 4:13|Segala perkara dapat kutanggung di dalam Dia.
109|AMSAL 3:5|Percayalah kepada TUHAN dengan segenap hatimu.
110|YOSUA 1:9|Kuatkan dan teguhkanlah hatimu.
111|FILIPI 4:13|Segala perkara dapat kutanggung di dalam Dia.
112|AMSAL 3:5|Percayalah kepada TUHAN dengan segenap hatimu.
113|YOSUA 1:9|Kuatkan dan teguhkanlah hatimu.
114|FILIPI 4:13|Segala perkara dapat kutanggung di dalam Dia.
115|AMSAL 3:5|Percayalah kepada TUHAN dengan segenap hatimu.
116|YOSUA 1:9|Kuatkan dan teguhkanlah hatimu.
117|AMSAL 3:5|Percayalah kepada TUHAN dengan segenap hatimu.
118|YOSUA 1:9|Kuatkan dan teguhkanlah hatimu.
119|FILIPI 4:13|Segala perkara dapat kutanggung di dalam Dia.
120|AMSAL 3:5|Percayalah kepada TUHAN dengan segenap hatimu.
121|YOSUA 1:9|Kuatkan dan teguhkanlah hatimu.
122|AMSAL 3:5|Percayalah kepada TUHAN dengan segenap hatimu.
123|YOSUA 1:9|Kuatkan dan teguhkanlah hatimu.
124|FILIPI 4:13|Segala perkara dapat kutanggung di dalam Dia.
125|YOSUA 1:9|Kuatkan dan teguhkanlah hatimu.
126|AMSAL 3:5|Percayalah kepada TUHAN dengan segenap hatimu.
127|FILIPI 4:13|Segala perkara dapat kutanggung di dalam Dia.
128|AMSAL 3:5|Percayalah kepada TUHAN dengan segenap hatimu.
129|YOSUA 1:9|Kuatkan dan teguhkanlah hatimu.
130|FILIPI 4:13|Segala perkara dapat kutanggung di dalam Dia.
131|YOSUA 1:9|Kuatkan dan teguhkanlah hatimu.
132|AMSAL 3:5|Percayalah kepada TUHAN dengan segenap hatimu.
133|FILIPI 4:13|Segala perkara dapat kutanggung di dalam Dia.
134|YOSUA 1:9|Kuatkan dan teguhkanlah hatimu.
135|AMSAL 3:5|Percayalah kepada TUHAN dengan segenap hatimu.
136|YOSUA 1:9|Kuatkan dan teguhkanlah hatimu.
137|FILIPI 4:13|Segala perkara dapat kutanggung di dalam Dia.
138|AMSAL 3:5|Percayalah kepada TUHAN dengan segenap hatimu.
139|FILIPI 4:13|Segala perkara dapat kutanggung di dalam Dia.
140|YOSUA 1:9|Kuatkan dan teguhkanlah hatimu.
141|AMSAL 3:5|Percayalah kepada TUHAN dengan segenap hatimu.
142|FILIPI 4:13|Segala perkara dapat kutanggung di dalam Dia.
143|YOSUA 1:9|Kuatkan dan teguhkanlah hatimu.
144|FILIPI 4:13|Segala perkara dapat kutanggung di dalam Dia.
145|AMSAL 3:5|Percayalah kepada TUHAN dengan segenap hatimu.
146|YOSUA 1:9|Kuatkan dan teguhkanlah hatimu.
147|AMSAL 3:5|Percayalah kepada TUHAN dengan segenap hatimu.
148|FILIPI 4:13|Segala perkara dapat kutanggung di dalam Dia.
149|AMSAL 3:5|Percayalah kepada TUHAN dengan segenap hatimu.
150|YOSUA 1:9|Kuatkan dan teguhkanlah hatimu.
151|AMSAL 3:5|Percayalah kepada TUHAN dengan segenap hatimu.
152|FILIPI 4:13|Segala perkara dapat kutanggung di dalam Dia.
153|YOSUA 1:9|Kuatkan dan teguhkanlah hatimu.
154|FILIPI 4:13|Segala perkara dapat kutanggung di dalam Dia.
155|AMSAL 3:5|Percayalah kepada TUHAN dengan segenap hatimu.
156|YOSUA 1:9|Kuatkan dan teguhkanlah hatimu.
157|FILIPI 4:13|Segala perkara dapat kutanggung di dalam Dia.
158|AMSAL 3:5|Percayalah kepada TUHAN dengan segenap hatimu.
159|FILIPI 4:13|Segala perkara dapat kutanggung di dalam Dia.
160|YOSUA 1:9|Kuatkan dan teguhkanlah hatimu.
161|AMSAL 3:5|Percayalah kepada TUHAN dengan segenap hatimu.
162|FILIPI 4:13|Segala perkara dapat kutanggung di dalam Dia.
163|YOSUA 1:9|Kuatkan dan teguhkanlah hatimu.
164|AMSAL 3:5|Percayalah kepada TUHAN dengan segenap hatimu.
165|YOSUA 1:9|Kuatkan dan teguhkanlah hatimu.
166|FILIPI 4:13|Segala perkara dapat kutanggung di dalam Dia.
167|AMSAL 3:5|Percayalah kepada TUHAN dengan segenap hatimu.
168|YOSUA 1:9|Kuatkan dan teguhkanlah hatimu.
169|FILIPI 4:13|Segala perkara dapat kutanggung di dalam Dia.
170|YOSUA 1:9|Kuatkan dan teguhkanlah hatimu.
171|AMSAL 3:5|Percayalah kepada TUHAN dengan segenap hatimu.
172|YOSUA 1:9|Kuatkan dan teguhkanlah hatimu.
173|FILIPI 4:13|Segala perkara dapat kutanggung di dalam Dia.
174|AMSAL 3:5|Percayalah kepada TUHAN dengan segenap hatimu.
175|YOSUA 1:9|Kuatkan dan teguhkanlah hatimu.
176|FILIPI 4:13|Segala perkara dapat kutanggung di dalam Dia.
177|YOSUA 1:9|Kuatkan dan teguhkanlah hatimu.
178|FILIPI 4:13|Segala perkara dapat kutanggung di dalam Dia.
179|AMSAL 3:5|Percayalah kepada TUHAN dengan segenap hatimu.
180|FILIPI 4:13|Segala perkara dapat kutanggung di dalam Dia.
181|YOSUA 1:9|Kuatkan dan teguhkanlah hatimu.
182|FILIPI 4:13|Segala perkara dapat kutanggung di dalam Dia.
183|AMSAL 3:5|Percayalah kepada TUHAN dengan segenap hatimu.
184|YOSUA 1:9|Kuatkan dan teguhkanlah hatimu.
185|FILIPI 4:13|Segala perkara dapat kutanggung di dalam Dia.
186|AMSAL 3:5|Percayalah kepada TUHAN dengan segenap hatimu.
187|YOSUA 1:9|Kuatkan dan teguhkanlah hatimu.
188|AMSAL 3:5|Percayalah kepada TUHAN dengan segenap hatimu.
189|FILIPI 4:13|Segala perkara dapat kutanggung di dalam Dia.
190|YOSUA 1:9|Kuatkan dan teguhkanlah hatimu.
191|AMSAL 3:5|Percayalah kepada TUHAN dengan segenap hatimu.
192|FILIPI 4:13|Segala perkara dapat kutanggung di dalam Dia.
193|AMSAL 3:5|Percayalah kepada TUHAN dengan segenap hatimu.
194|YOSUA 1:9|Kuatkan dan teguhkanlah hatimu.
195|FILIPI 4:13|Segala perkara dapat kutanggung di dalam Dia.
196|YOSUA 1:9|Kuatkan dan teguhkanlah hatimu.
197|AMSAL 3:5|Percayalah kepada TUHAN dengan segenap hatimu.
198|FILIPI 4:13|Segala perkara dapat kutanggung di dalam Dia.
199|YOSUA 1:9|Kuatkan dan teguhkanlah hatimu.
200|AMSAL 3:5|Percayalah kepada TUHAN dengan segenap hatimu.
201|FILIPI 4:13|Segala perkara dapat kutanggung di dalam Dia.
202|AMSAL 3:5|Percayalah kepada TUHAN dengan segenap hatimu.
203|YOSUA 1:9|Kuatkan dan teguhkanlah hatimu.
204|FILIPI 4:13|Segala perkara dapat kutanggung di dalam Dia.
205|AMSAL 3:5|Percayalah kepada TUHAN dengan segenap hatimu.
206|YOSUA 1:9|Kuatkan dan teguhkanlah hatimu.
207|FILIPI 4:13|Segala perkara dapat kutanggung di dalam Dia.
208|YOSUA 1:9|Kuatkan dan teguhkanlah hatimu.
209|AMSAL 3:5|Percayalah kepada TUHAN dengan segenap hatimu.
210|FILIPI 4:13|Segala perkara dapat kutanggung di dalam Dia.
211|AMSAL 3:5|Percayalah kepada TUHAN dengan segenap hatimu.
212|YOSUA 1:9|Kuatkan dan teguhkanlah hatimu.
213|AMSAL 3:5|Percayalah kepada TUHAN dengan segenap hatimu.
214|FILIPI 4:13|Segala perkara dapat kutanggung di dalam Dia.
215|YOSUA 1:9|Kuatkan dan teguhkanlah hatimu.
216|FILIPI 4:13|Segala perkara dapat kutanggung di dalam Dia.
217|AMSAL 3:5|Percayalah kepada TUHAN dengan segenap hatimu.
218|YOSUA 1:9|Kuatkan dan teguhkanlah hatimu.
219|FILIPI 4:13|Segala perkara dapat kutanggung di dalam Dia.
220|AMSAL 3:5|Percayalah kepada TUHAN dengan segenap hatimu.
221|YOSUA 1:9|Kuatkan dan teguhkanlah hatimu.
222|FILIPI 4:13|Segala perkara dapat kutanggung di dalam Dia.
223|AMSAL 3:5|Percayalah kepada TUHAN dengan segenap hatimu.
224|FILIPI 4:13|Segala perkara dapat kutanggung di dalam Dia.
225|YOSUA 1:9|Kuatkan dan teguhkanlah hatimu.
226|FILIPI 4:13|Segala perkara dapat kutanggung di dalam Dia.
227|AMSAL 3:5|Percayalah kepada TUHAN dengan segenap hatimu.
228|FILIPI 4:13|Segala perkara dapat kutanggung di dalam Dia.
229|YOSUA 1:9|Kuatkan dan teguhkanlah hatimu.
230|AMSAL 3:5|Percayalah kepada TUHAN dengan segenap hatimu.
231|YOSUA 1:9|Kuatkan dan teguhkanlah hatimu.
232|AMSAL 3:5|Percayalah kepada TUHAN dengan segenap hatimu.
233|FILIPI 4:13|Segala perkara dapat kutanggung di dalam Dia.
234|YOSUA 1:9|Kuatkan dan teguhkanlah hatimu.
235|AMSAL 3:5|Percayalah kepada TUHAN dengan segenap hatimu.
236|FILIPI 4:13|Segala perkara dapat kutanggung di dalam Dia.
237|YOSUA 1:9|Kuatkan dan teguhkanlah hatimu.
238|AMSAL 3:5|Percayalah kepada TUHAN dengan segenap hatimu.
239|FILIPI 4:13|Segala perkara dapat kutanggung di dalam Dia.
240|YOSUA 1:9|Kuatkan dan teguhkanlah hatimu.
241|FILIPI 4:13|Segala perkara dapat kutanggung di dalam Dia.
242|AMSAL 3:5|Percayalah kepada TUHAN dengan segenap hatimu.
243|YOSUA 1:9|Kuatkan dan teguhkanlah hatimu.
244|FILIPI 4:13|Segala perkara dapat kutanggung di dalam Dia.
245|AMSAL 3:5|Percayalah kepada TUHAN dengan segenap hatimu.
246|YOSUA 1:9|Kuatkan dan teguhkanlah hatimu.
247|AMSAL 3:5|Percayalah kepada TUHAN dengan segenap hatimu.
248|FILIPI 4:13|Segala perkara dapat kutanggung di dalam Dia.
249|YOSUA 1:9|Kuatkan dan teguhkanlah hatimu.
250|FILIPI 4:13|Segala perkara dapat kutanggung di dalam Dia.
251|AMSAL 3:5|Percayalah kepada TUHAN dengan segenap hatimu.
252|YOSUA 1:9|Kuatkan dan teguhkanlah hatimu.
253|AMSAL 3:5|Percayalah kepada TUHAN dengan segenap hatimu.
254|FILIPI 4:13|Segala perkara dapat kutanggung di dalam Dia.
255|YOSUA 1:9|Kuatkan dan teguhkanlah hatimu.
256|FILIPI 4:13|Segala perkara dapat kutanggung di dalam Dia.
257|AMSAL 3:5|Percayalah kepada TUHAN dengan segenap hatimu.
258|FILIPI 4:13|Segala perkara dapat kutanggung di dalam Dia.
259|YOSUA 1:9|Kuatkan dan teguhkanlah hatimu.
260|AMSAL 3:5|Percayalah kepada TUHAN dengan segenap hatimu.
261|FILIPI 4:13|Segala perkara dapat kutanggung di dalam Dia.
262|YOSUA 1:9|Kuatkan dan teguhkanlah hatimu.
263|AMSAL 3:5|Percayalah kepada TUHAN dengan segenap hatimu.
264|YOSUA 1:9|Kuatkan dan teguhkanlah hatimu.
265|FILIPI 4:13|Segala perkara dapat kutanggung di dalam Dia.
266|YOSUA 1:9|Kuatkan dan teguhkanlah hatimu.
267|AMSAL 3:5|Percayalah kepada TUHAN dengan segenap hatimu.
268|YOSUA 1:9|Kuatkan dan teguhkanlah hatimu.
269|FILIPI 4:13|Segala perkara dapat kutanggung di dalam Dia.
270|AMSAL 3:5|Percayalah kepada TUHAN dengan segenap hatimu.
271|YOSUA 1:9|Kuatkan dan teguhkanlah hatimu.
272|FILIPI 4:13|Segala perkara dapat kutanggung di dalam Dia.
273|YOSUA 1:9|Kuatkan dan teguhkanlah hatimu.
274|FILIPI 4:13|Segala perkara dapat kutanggung di dalam Dia.
275|AMSAL 3:5|Percayalah kepada TUHAN dengan segenap hatimu.
276|FILIPI 4:13|Segala perkara dapat kutanggung di dalam Dia.
277|YOSUA 1:9|Kuatkan dan teguhkanlah hatimu.
278|AMSAL 3:5|Percayalah kepada TUHAN dengan segenap hatimu.
279|YOSUA 1:9|Kuatkan dan teguhkanlah hatimu.
280|FILIPI 4:13|Segala perkara dapat kutanggung di dalam Dia.
281|AMSAL 3:5|Percayalah kepada TUHAN dengan segenap hatimu.
282|FILIPI 4:13|Segala perkara dapat kutanggung di dalam Dia.
283|YOSUA 1:9|Kuatkan dan teguhkanlah hatimu.
284|AMSAL 3:5|Percayalah kepada TUHAN dengan segenap hatimu.
285|FILIPI 4:13|Segala perkara dapat kutanggung di dalam Dia.
286|YOSUA 1:9|Kuatkan dan teguhkanlah hatimu.
287|AMSAL 3:5|Percayalah kepada TUHAN dengan segenap hatimu.
288|YOSUA 1:9|Kuatkan dan teguhkanlah hatimu.
289|FILIPI 4:13|Segala perkara dapat kutanggung di dalam Dia.
290|AMSAL 3:5|Percayalah kepada TUHAN dengan segenap hatimu.
291|YOSUA 1:9|Kuatkan dan teguhkanlah hatimu.
292|AMSAL 3:5|Percayalah kepada TUHAN dengan segenap hatimu.
293|FILIPI 4:13|Segala perkara dapat kutanggung di dalam Dia.
294|AMSAL 3:5|Percayalah kepada TUHAN dengan segenap hatimu.
295|FILIPI 4:13|Segala perkara dapat kutanggung di dalam Dia.
296|YOSUA 1:9|Kuatkan dan teguhkanlah hatimu.
297|AMSAL 3:5|Percayalah kepada TUHAN dengan segenap hatimu.
298|YOSUA 1:9|Kuatkan dan teguhkanlah hatimu.
299|FILIPI 4:13|Segala perkara dapat kutanggung di dalam Dia.
300|YOSUA 1:9|Kuatkan dan teguhkanlah hatimu.
301|AMSAL 3:5|Percayalah kepada TUHAN dengan segenap hatimu.
302|YOSUA 1:9|Kuatkan dan teguhkanlah hatimu.
303|AMSAL 3:5|Percayalah kepada TUHAN dengan segenap hatimu.
304|FILIPI 4:13|Segala perkara dapat kutanggung di dalam Dia.
305|AMSAL 3:5|Percayalah kepada TUHAN dengan segenap hatimu.
306|YOSUA 1:9|Kuatkan dan teguhkanlah hatimu.
307|FILIPI 4:13|Segala perkara dapat kutanggung di dalam Dia.
308|YOSUA 1:9|Kuatkan dan teguhkanlah hatimu.
309|AMSAL 3:5|Percayalah kepada TUHAN dengan segenap hatimu.
310|FILIPI 4:13|Segala perkara dapat kutanggung di dalam Dia.
311|YOSUA 1:9|Kuatkan dan teguhkanlah hatimu.
312|AMSAL 3:5|Percayalah kepada TUHAN dengan segenap hatimu.
313|FILIPI 4:13|Segala perkara dapat kutanggung di dalam Dia.
314|YOSUA 1:9|Kuatkan dan teguhkanlah hatimu.
315|AMSAL 3:5|Percayalah kepada TUHAN dengan segenap hatimu.
316|FILIPI 4:13|Segala perkara dapat kutanggung di dalam Dia.
317|YOSUA 1:9|Kuatkan dan teguhkanlah hatimu.
318|FILIPI 4:13|Segala perkara dapat kutanggung di dalam Dia.
319|AMSAL 3:5|Percayalah kepada TUHAN dengan segenap hatimu.
320|YOSUA 1:9|Kuatkan dan teguhkanlah hatimu.
321|AMSAL 3:5|Percayalah kepada TUHAN dengan segenap hatimu.
322|FILIPI 4:13|Segala perkara dapat kutanggung di dalam Dia.
323|YOSUA 1:9|Kuatkan dan teguhkanlah hatimu.
324|FILIPI 4:13|Segala perkara dapat kutanggung di dalam Dia.
325|YOSUA 1:9|Kuatkan dan teguhkanlah hatimu.
326|AMSAL 3:5|Percayalah kepada TUHAN dengan segenap hatimu.
327|FILIPI 4:13|Segala perkara dapat kutanggung di dalam Dia.
328|AMSAL 3:5|Percayalah kepada TUHAN dengan segenap hatimu.
329|YOSUA 1:9|Kuatkan dan teguhkanlah hatimu.
330|FILIPI 4:13|Segala perkara dapat kutanggung di dalam Dia.
331|YOSUA 1:9|Kuatkan dan teguhkanlah hatimu.
332|AMSAL 3:5|Percayalah kepada TUHAN dengan segenap hatimu.
333|YOSUA 1:9|Kuatkan dan teguhkanlah hatimu.
334|FILIPI 4:13|Segala perkara dapat kutanggung di dalam Dia.
335|AMSAL 3:5|Percayalah kepada TUHAN dengan segenap hatimu.
336|YOSUA 1:9|Kuatkan dan teguhkanlah hatimu.
337|FILIPI 4:13|Segala perkara dapat kutanggung di dalam Dia.
338|YOSUA 1:9|Kuatkan dan teguhkanlah hatimu.
339|AMSAL 3:5|Percayalah kepada TUHAN dengan segenap hatimu.
340|YOSUA 1:9|Kuatkan dan teguhkanlah hatimu.
341|FILIPI 4:13|Segala perkara dapat kutanggung di dalam Dia.
342|AMSAL 3:5|Percayalah kepada TUHAN dengan segenap hatimu.
343|YOSUA 1:9|Kuatkan dan teguhkanlah hatimu.
344|FILIPI 4:13|Segala perkara dapat kutanggung di dalam Dia.
345|AMSAL 3:5|Percayalah kepada TUHAN dengan segenap hatimu.
346|YOSUA 1:9|Kuatkan dan teguhkanlah hatimu.
347|AMSAL 3:5|Percayalah kepada TUHAN dengan segenap hatimu.
348|FILIPI 4:13|Segala perkara dapat kutanggung di dalam Dia.
349|YOSUA 1:9|Kuatkan dan teguhkanlah hatimu.
350|AMSAL 3:5|Percayalah kepada TUHAN dengan segenap hatimu.
351|FILIPI 4:13|Segala perkara dapat kutanggung di dalam Dia.
352|YOSUA 1:9|Kuatkan dan teguhkanlah hatimu.
353|FILIPI 4:13|Segala perkara dapat kutanggung di dalam Dia.
354|AMSAL 3:5|Percayalah kepada TUHAN dengan segenap hatimu.
355|YOSUA 1:9|Kuatkan dan teguhkanlah hatimu.
356|FILIPI 4:13|Segala perkara dapat kutanggung di dalam Dia.
357|AMSAL 3:5|Percayalah kepada TUHAN dengan segenap hatimu.
358|FILIPI 4:13|Segala perkara dapat kutanggung di dalam Dia.
359|YOSUA 1:9|Kuatkan dan teguhkanlah hatimu.
360|FILIPI 4:13|Segala perkara dapat kutanggung di dalam Dia.
361|AMSAL 3:5|Percayalah kepada TUHAN dengan segenap hatimu.
362|YOSUA 1:9|Kuatkan dan teguhkanlah hatimu.
363|AMSAL 3:5|Percayalah kepada TUHAN dengan segenap hatimu.
364|YOSUA 1:9|Kuatkan dan teguhkanlah hatimu.
365|FILIPI 4:13|Segala perkara dapat kutanggung di dalam Dia.
