1|MAZMUR 121:8|Tuhan akan menjaga keluar masukmu.
2|MAZMUR 91:11|Sebab malaikat-malaikat-Nya akan diperintahkan.
3|MAZMUR 23:1|TUHAN adalah gembalaku takkan kekurangan aku.
4|MAZMUR 91:11|Sebab malaikat-malaikat-Nya akan diperintahkan.
5|MAZMUR 23:1|TUHAN adalah gembalaku takkan kekurangan aku.
6|MAZMUR 121:8|Tuhan akan menjaga keluar masukmu.
7|MAZMUR 23:1|TUHAN adalah gembalaku takkan kekurangan aku.
8|MAZMUR 121:8|Tuhan akan menjaga keluar masukmu.
9|MAZMUR 91:11|Sebab malaikat-malaikat-Nya akan diperintahkan.
10|MAZMUR 23:1|TUHAN adalah gembalaku takkan kekurangan aku.
11|MAZMUR 91:11|Sebab malaikat-malaikat-Nya akan diperintahkan.
12|MAZMUR 121:8|Tuhan akan menjaga keluar masukmu.
13|MAZMUR 91:11|Sebab malaikat-malaikat-Nya akan diperintahkan.
14|MAZMUR 23:1|TUHAN adalah gembalaku takkan kekurangan aku.
15|MAZMUR 91:11|Sebab malaikat-malaikat-Nya akan diperintahkan.
16|MAZMUR 23:1|TUHAN adalah gembalaku takkan kekurangan aku.
17|MAZMUR 121:8|Tuhan akan menjaga keluar masukmu.
18|MAZMUR 91:11|Sebab malaikat-malaikat-Nya akan diperintahkan.
19|MAZMUR 23:1|TUHAN adalah gembalaku takkan kekurangan aku.
20|MAZMUR 121:8|Tuhan akan menjaga keluar masukmu.
21|MAZMUR 91:11|Sebab malaikat-malaikat-Nya akan diperintahkan.
22|MAZMUR 121:8|Tuhan akan menjaga keluar masukmu.
23|MAZMUR 23:1|TUHAN adalah gembalaku takkan kekurangan aku.
24|MAZMUR 91:11|Sebab malaikat-malaikat-Nya akan diperintahkan.
25|MAZMUR 23:1|TUHAN adalah gembalaku takkan kekurangan aku.
26|MAZMUR 121:8|Tuhan akan menjaga keluar masukmu.
27|MAZMUR 23:1|TUHAN adalah gembalaku takkan kekurangan aku.
28|MAZMUR 91:11|Sebab malaikat-malaikat-Nya akan diperintahkan.
29|MAZMUR 121:8|Tuhan akan menjaga keluar masukmu.
30|MAZMUR 23:1|TUHAN adalah gembalaku takkan kekurangan aku.
31|MAZMUR 91:11|Sebab malaikat-malaikat-Nya akan diperintahkan.
32|MAZMUR 23:1|TUHAN adalah gembalaku takkan kekurangan aku.
33|MAZMUR 121:8|Tuhan akan menjaga keluar masukmu.
34|MAZMUR 91:11|Sebab malaikat-malaikat-Nya akan diperintahkan.
35|MAZMUR 23:1|TUHAN adalah gembalaku takkan kekurangan aku.
36|MAZMUR 91:11|Sebab malaikat-malaikat-Nya akan diperintahkan.
37|MAZMUR 23:1|TUHAN adalah gembalaku takkan kekurangan aku.
38|MAZMUR 121:8|Tuhan akan menjaga keluar masukmu.
39|MAZMUR 23:1|TUHAN adalah gembalaku takkan kekurangan aku.
40|MAZMUR 91:11|Sebab malaikat-malaikat-Nya akan diperintahkan.
41|MAZMUR 121:8|Tuhan akan menjaga keluar masukmu.
42|MAZMUR 23:1|TUHAN adalah gembalaku takkan kekurangan aku.
43|MAZMUR 91:11|Sebab malaikat-malaikat-Nya akan diperintahkan.
44|MAZMUR 23:1|TUHAN adalah gembalaku takkan kekurangan aku.
45|MAZMUR 121:8|Tuhan akan menjaga keluar masukmu.
46|MAZMUR 91:11|Sebab malaikat-malaikat-Nya akan diperintahkan.
47|MAZMUR 121:8|Tuhan akan menjaga keluar masukmu.
48|MAZMUR 91:11|Sebab malaikat-malaikat-Nya akan diperintahkan.
49|MAZMUR 23:1|TUHAN adalah gembalaku takkan kekurangan aku.
50|MAZMUR 121:8|Tuhan akan menjaga keluar masukmu.
51|MAZMUR 91:11|Sebab malaikat-malaikat-Nya akan diperintahkan.
52|MAZMUR 121:8|Tuhan akan menjaga keluar masukmu.
53|MAZMUR 91:11|Sebab malaikat-malaikat-Nya akan diperintahkan.
54|MAZMUR 23:1|TUHAN adalah gembalaku takkan kekurangan aku.
55|MAZMUR 91:11|Sebab malaikat-malaikat-Nya akan diperintahkan.
56|MAZMUR 23:1|TUHAN adalah gembalaku takkan kekurangan aku.
57|MAZMUR 121:8|Tuhan akan menjaga keluar masukmu.
58|MAZMUR 91:11|Sebab malaikat-malaikat-Nya akan diperintahkan.
59|MAZMUR 23:1|TUHAN adalah gembalaku takkan kekurangan aku.
60|MAZMUR 91:11|Sebab malaikat-malaikat-Nya akan diperintahkan.
61|MAZMUR 121:8|Tuhan akan menjaga keluar masukmu.
62|MAZMUR 23:1|TUHAN adalah gembalaku takkan kekurangan aku.
63|MAZMUR 91:11|Sebab malaikat-malaikat-Nya akan diperintahkan.
64|MAZMUR 121:8|Tuhan akan menjaga keluar masukmu.
65|MAZMUR 23:1|TUHAN adalah gembalaku takkan kekurangan aku.
66|MAZMUR 91:11|Sebab malaikat-malaikat-Nya akan diperintahkan.
67|MAZMUR 121:8|Tuhan akan menjaga keluar masukmu.
68|MAZMUR 23:1|TUHAN adalah gembalaku takkan kekurangan aku.
69|MAZMUR 91:11|Sebab malaikat-malaikat-Nya akan diperintahkan.
70|MAZMUR 121:8|Tuhan akan menjaga keluar masukmu.
71|MAZMUR 23:1|TUHAN adalah gembalaku takkan kekurangan aku.
72|MAZMUR 91:11|Sebab malaikat-malaikat-Nya akan diperintahkan.
73|MAZMUR 121:8|Tuhan akan menjaga keluar masukmu.
74|MAZMUR 23:1|TUHAN adalah gembalaku takkan kekurangan aku.
75|MAZMUR 121:8|Tuhan akan menjaga keluar masukmu.
76|MAZMUR 91:11|Sebab malaikat-malaikat-Nya akan diperintahkan.
77|MAZMUR 121:8|Tuhan akan menjaga keluar masukmu.
78|MAZMUR 23:1|TUHAN adalah gembalaku takkan kekurangan aku.
79|MAZMUR 91:11|Sebab malaikat-malaikat-Nya akan diperintahkan.
80|MAZMUR 121:8|Tuhan akan menjaga keluar masukmu.
81|MAZMUR 23:1|TUHAN adalah gembalaku takkan kekurangan aku.
82|MAZMUR 91:11|Sebab malaikat-malaikat-Nya akan diperintahkan.
83|MAZMUR 23:1|TUHAN adalah gembalaku takkan kekurangan aku.
84|MAZMUR 91:11|Sebab malaikat-malaikat-Nya akan diperintahkan.
85|MAZMUR 121:8|Tuhan akan menjaga keluar masukmu.
86|MAZMUR 23:1|TUHAN adalah gembalaku takkan kekurangan aku.
87|MAZMUR 121:8|Tuhan akan menjaga keluar masukmu.
88|MAZMUR 91:11|Sebab malaikat-malaikat-Nya akan diperintahkan.
89|MAZMUR 23:1|TUHAN adalah gembalaku takkan kekurangan aku.
90|MAZMUR 121:8|Tuhan akan menjaga keluar masukmu.
91|MAZMUR 91:11|Sebab malaikat-malaikat-Nya akan diperintahkan.
92|MAZMUR 121:8|Tuhan akan menjaga keluar masukmu.
93|MAZMUR 91:11|Sebab malaikat-malaikat-Nya akan diperintahkan.
94|MAZMUR 23:1|TUHAN adalah gembalaku takkan kekurangan aku.
95|MAZMUR 91:11|Sebab malaikat-malaikat-Nya akan diperintahkan.
96|MAZMUR 121:8|Tuhan akan menjaga keluar masukmu.
97|MAZMUR 23:1|TUHAN adalah gembalaku takkan kekurangan aku.
98|MAZMUR 91:11|Sebab malaikat-malaikat-Nya akan diperintahkan.
99|MAZMUR 23:1|TUHAN adalah gembalaku takkan kekurangan aku.
100|MAZMUR 121:8|Tuhan akan menjaga keluar masukmu.
101|MAZMUR 91:11|Sebab malaikat-malaikat-Nya akan diperintahkan.
102|MAZMUR 121:8|Tuhan akan menjaga keluar masukmu.
103|MAZMUR 23:1|TUHAN adalah gembalaku takkan kekurangan aku.
104|MAZMUR 121:8|Tuhan akan menjaga keluar masukmu.
105|MAZMUR 91:11|Sebab malaikat-malaikat-Nya akan diperintahkan.
106|MAZMUR 23:1|TUHAN adalah gembalaku takkan kekurangan aku.
107|MAZMUR 121:8|Tuhan akan menjaga keluar masukmu.
108|MAZMUR 91:11|Sebab malaikat-malaikat-Nya akan diperintahkan.
109|MAZMUR 121:8|Tuhan akan menjaga keluar masukmu.
110|MAZMUR 23:1|TUHAN adalah gembalaku takkan kekurangan aku.
111|MAZMUR 121:8|Tuhan akan menjaga keluar masukmu.
112|MAZMUR 91:11|Sebab malaikat-malaikat-Nya akan diperintahkan.
113|MAZMUR 23:1|TUHAN adalah gembalaku takkan kekurangan aku.
114|MAZMUR 91:11|Sebab malaikat-malaikat-Nya akan diperintahkan.
115|MAZMUR 121:8|Tuhan akan menjaga keluar masukmu.
116|MAZMUR 23:1|TUHAN adalah gembalaku takkan kekurangan aku.
117|MAZMUR 91:11|Sebab malaikat-malaikat-Nya akan diperintahkan.
118|MAZMUR 121:8|Tuhan akan menjaga keluar masukmu.
119|MAZMUR 91:11|Sebab malaikat-malaikat-Nya akan diperintahkan.
120|MAZMUR 121:8|Tuhan akan menjaga keluar masukmu.
121|MAZMUR 23:1|TUHAN adalah gembalaku takkan kekurangan aku.
122|MAZMUR 91:11|Sebab malaikat-malaikat-Nya akan diperintahkan.
123|MAZMUR 121:8|Tuhan akan menjaga keluar masukmu.
124|MAZMUR 23:1|TUHAN adalah gembalaku takkan kekurangan aku.
125|MAZMUR 91:11|Sebab malaikat-malaikat-Nya akan diperintahkan.
126|MAZMUR 121:8|Tuhan akan menjaga keluar masukmu.
127|MAZMUR 23:1|TUHAN adalah gembalaku takkan kekurangan aku.
128|MAZMUR 121:8|Tuhan akan menjaga keluar masukmu.
129|MAZMUR 91:11|Sebab malaikat-malaikat-Nya akan diperintahkan.
130|MAZMUR 23:1|TUHAN adalah gembalaku takkan kekurangan aku.
131|MAZMUR 121:8|Tuhan akan menjaga keluar masukmu.
132|MAZMUR 23:1|TUHAN adalah gembalaku takkan kekurangan aku.
133|MAZMUR 121:8|Tuhan akan menjaga keluar masukmu.
134|MAZMUR 91:11|Sebab malaikat-malaikat-Nya akan diperintahkan.
135|MAZMUR 23:1|TUHAN adalah gembalaku takkan kekurangan aku.
136|MAZMUR 121:8|Tuhan akan menjaga keluar masukmu.
137|MAZMUR 91:11|Sebab malaikat-malaikat-Nya akan diperintahkan.
138|MAZMUR 23:1|TUHAN adalah gembalaku takkan kekurangan aku.
139|MAZMUR 121:8|Tuhan akan menjaga keluar masukmu.
140|MAZMUR 23:1|TUHAN adalah gembalaku takkan kekurangan aku.
141|MAZMUR 91:11|Sebab malaikat-malaikat-Nya akan diperintahkan.
142|MAZMUR 121:8|Tuhan akan menjaga keluar masukmu.
143|MAZMUR 91:11|Sebab malaikat-malaikat-Nya akan diperintahkan.
144|MAZMUR 23:1|TUHAN adalah gembalaku takkan kekurangan aku.
145|MAZMUR 121:8|Tuhan akan menjaga keluar masukmu.
146|MAZMUR 91:11|Sebab malaikat-malaikat-Nya akan diperintahkan.
147|MAZMUR 23:1|TUHAN adalah gembalaku takkan kekurangan aku.
148|MAZMUR 91:11|Sebab malaikat-malaikat-Nya akan diperintahkan.
149|MAZMUR 121:8|Tuhan akan menjaga keluar masukmu.
150|MAZMUR 91:11|Sebab malaikat-malaikat-Nya akan diperintahkan.
151|MAZMUR 23:1|TUHAN adalah gembalaku takkan kekurangan aku.
152|MAZMUR 121:8|Tuhan akan menjaga keluar masukmu.
153|MAZMUR 91:11|Sebab malaikat-malaikat-Nya akan diperintahkan.
154|MAZMUR 23:1|TUHAN adalah gembalaku takkan kekurangan aku.
155|MAZMUR 121:8|Tuhan akan menjaga keluar masukmu.
156|MAZMUR 91:11|Sebab malaikat-malaikat-Nya akan diperintahkan.
157|MAZMUR 23:1|TUHAN adalah gembalaku takkan kekurangan aku.
158|MAZMUR 91:11|Sebab malaikat-malaikat-Nya akan diperintahkan.
159|MAZMUR 121:8|Tuhan akan menjaga keluar masukmu.
160|MAZMUR 23:1|TUHAN adalah gembalaku takkan kekurangan aku.
161|MAZMUR 121:8|Tuhan akan menjaga keluar masukmu.
162|MAZMUR 91:11|Sebab malaikat-malaikat-Nya akan diperintahkan.
163|MAZMUR 121:8|Tuhan akan menjaga keluar masukmu.
164|MAZMUR 23:1|TUHAN adalah gembalaku takkan kekurangan aku.
165|MAZMUR 91:11|Sebab malaikat-malaikat-Nya akan diperintahkan.
166|MAZMUR 121:8|Tuhan akan menjaga keluar masukmu.
167|MAZMUR 23:1|TUHAN adalah gembalaku takkan kekurangan aku.
168|MAZMUR 121:8|Tuhan akan menjaga keluar masukmu.
169|MAZMUR 91:11|Sebab malaikat-malaikat-Nya akan diperintahkan.
170|MAZMUR 23:1|TUHAN adalah gembalaku takkan kekurangan aku.
171|MAZMUR 121:8|Tuhan akan menjaga keluar masukmu.
172|MAZMUR 91:11|Sebab malaikat-malaikat-Nya akan diperintahkan.
173|MAZMUR 121:8|Tuhan akan menjaga keluar masukmu.
174|MAZMUR 23:1|TUHAN adalah gembalaku takkan kekurangan aku.
175|MAZMUR 121:8|Tuhan akan menjaga keluar masukmu.
176|MAZMUR 91:11|Sebab malaikat-malaikat-Nya akan diperintahkan.
177|MAZMUR 23:1|TUHAN adalah gembalaku takkan kekurangan aku.
178|MAZMUR 91:11|Sebab malaikat-malaikat-Nya akan diperintahkan.
179|MAZMUR 121:8|Tuhan akan menjaga keluar masukmu.
180|MAZMUR 91:11|Sebab malaikat-malaikat-Nya akan diperintahkan.
181|MAZMUR 23:1|TUHAN adalah gembalaku takkan kekurangan aku.
182|MAZMUR 121:8|Tuhan akan menjaga keluar masukmu.
183|MAZMUR 23:1|TUHAN adalah gembalaku takkan kekurangan aku.
184|MAZMUR 91:11|Sebab malaikat-malaikat-Nya akan diperintahkan.
185|MAZMUR 121:8|Tuhan akan menjaga keluar masukmu.
186|MAZMUR 23:1|TUHAN adalah gembalaku takkan kekurangan aku.
187|MAZMUR 91:11|Sebab malaikat-malaikat-Nya akan diperintahkan.
188|MAZMUR 23:1|TUHAN adalah gembalaku takkan kekurangan aku.
189|MAZMUR 91:11|Sebab malaikat-malaikat-Nya akan diperintahkan.
190|MAZMUR 121:8|Tuhan akan menjaga keluar masukmu.
191|MAZMUR 23:1|TUHAN adalah gembalaku takkan kekurangan aku.
192|MAZMUR 91:11|Sebab malaikat-malaikat-Nya akan diperintahkan.
193|MAZMUR 121:8|Tuhan akan menjaga keluar masukmu.
194|MAZMUR 91:11|Sebab malaikat-malaikat-Nya akan diperintahkan.
195|MAZMUR 23:1|TUHAN adalah gembalaku takkan kekurangan aku.
196|MAZMUR 91:11|Sebab malaikat-malaikat-Nya akan diperintahkan.
197|MAZMUR 121:8|Tuhan akan menjaga keluar masukmu.
198|MAZMUR 23:1|TUHAN adalah gembalaku takkan kekurangan aku.
199|MAZMUR 91:11|Sebab malaikat-malaikat-Nya akan diperintahkan.
200|MAZMUR 121:8|Tuhan akan menjaga keluar masukmu.
201|MAZMUR 23:1|TUHAN adalah gembalaku takkan kekurangan aku.
202|MAZMUR 121:8|Tuhan akan menjaga keluar masukmu.
203|MAZMUR 91:11|Sebab malaikat-malaikat-Nya akan diperintahkan.
204|MAZMUR 121:8|Tuhan akan menjaga keluar masukmu.
205|MAZMUR 23:1|TUHAN adalah gembalaku takkan kekurangan aku.
206|MAZMUR 91:11|Sebab malaikat-malaikat-Nya akan diperintahkan.
207|MAZMUR 121:8|Tuhan akan menjaga keluar masukmu.
208|MAZMUR 23:1|TUHAN adalah gembalaku takkan kekurangan aku.
209|MAZMUR 91:11|Sebab malaikat-malaikat-Nya akan diperintahkan.
210|MAZMUR 121:8|Tuhan akan menjaga keluar masukmu.
211|MAZMUR 23:1|TUHAN adalah gembalaku takkan kekurangan aku.
212|MAZMUR 91:11|Sebab malaikat-malaikat-Nya akan diperintahkan.
213|MAZMUR 121:8|Tuhan akan menjaga keluar masukmu.
214|MAZMUR 23:1|TUHAN adalah gembalaku takkan kekurangan aku.
215|MAZMUR 91:11|Sebab malaikat-malaikat-Nya akan diperintahkan.
216|MAZMUR 121:8|Tuhan akan menjaga keluar masukmu.
217|MAZMUR 23:1|TUHAN adalah gembalaku takkan kekurangan aku.
218|MAZMUR 91:11|Sebab malaikat-malaikat-Nya akan diperintahkan.
219|MAZMUR 23:1|TUHAN adalah gembalaku takkan kekurangan aku.
220|MAZMUR 121:8|Tuhan akan menjaga keluar masukmu.
221|MAZMUR 91:11|Sebab malaikat-malaikat-Nya akan diperintahkan.
222|MAZMUR 23:1|TUHAN adalah gembalaku takkan kekurangan aku.
223|MAZMUR 121:8|Tuhan akan menjaga keluar masukmu.
224|MAZMUR 23:1|TUHAN adalah gembalaku takkan kekurangan aku.
225|MAZMUR 91:11|Sebab malaikat-malaikat-Nya akan diperintahkan.
226|MAZMUR 121:8|Tuhan akan menjaga keluar masukmu.
227|MAZMUR 91:11|Sebab malaikat-malaikat-Nya akan diperintahkan.
228|MAZMUR 23:1|TUHAN adalah gembalaku takkan kekurangan aku.
229|MAZMUR 121:8|Tuhan akan menjaga keluar masukmu.
230|MAZMUR 91:11|Sebab malaikat-malaikat-Nya akan diperintahkan.
231|MAZMUR 23:1|TUHAN adalah gembalaku takkan kekurangan aku.
232|MAZMUR 121:8|Tuhan akan menjaga keluar masukmu.
233|MAZMUR 91:11|Sebab malaikat-malaikat-Nya akan diperintahkan.
234|MAZMUR 121:8|Tuhan akan menjaga keluar masukmu.
235|MAZMUR 23:1|TUHAN adalah gembalaku takkan kekurangan aku.
236|MAZMUR 91:11|Sebab malaikat-malaikat-Nya akan diperintahkan.
237|MAZMUR 23:1|TUHAN adalah gembalaku takkan kekurangan aku.
238|MAZMUR 121:8|Tuhan akan menjaga keluar masukmu.
239|MAZMUR 91:11|Sebab malaikat-malaikat-Nya akan diperintahkan.
240|MAZMUR 121:8|Tuhan akan menjaga keluar masukmu.
241|MAZMUR 23:1|TUHAN adalah gembalaku takkan kekurangan aku.
242|MAZMUR 91:11|Sebab malaikat-malaikat-Nya akan diperintahkan.
243|MAZMUR 121:8|Tuhan akan menjaga keluar masukmu.
244|MAZMUR 23:1|TUHAN adalah gembalaku takkan kekurangan aku.
245|MAZMUR 91:11|Sebab malaikat-malaikat-Nya akan diperintahkan.
246|MAZMUR 121:8|Tuhan akan menjaga keluar masukmu.
247|MAZMUR 23:1|TUHAN adalah gembalaku takkan kekurangan aku.
248|MAZMUR 91:11|Sebab malaikat-malaikat-Nya akan diperintahkan.
249|MAZMUR 121:8|Tuhan akan menjaga keluar masukmu.
250|MAZMUR 91:11|Sebab malaikat-malaikat-Nya akan diperintahkan.
251|MAZMUR 121:8|Tuhan akan menjaga keluar masukmu.
252|MAZMUR 23:1|TUHAN adalah gembalaku takkan kekurangan aku.
253|MAZMUR 121:8|Tuhan akan menjaga keluar masukmu.
254|MAZMUR 91:11|Sebab malaikat-malaikat-Nya akan diperintahkan.
255|MAZMUR 23:1|TUHAN adalah gembalaku takkan kekurangan aku.
256|MAZMUR 121:8|Tuhan akan menjaga keluar masukmu.
257|MAZMUR 91:11|Sebab malaikat-malaikat-Nya akan diperintahkan.
258|MAZMUR 121:8|Tuhan akan menjaga keluar masukmu.
259|MAZMUR 23:1|TUHAN adalah gembalaku takkan kekurangan aku.
260|MAZMUR 91:11|Sebab malaikat-malaikat-Nya akan diperintahkan.
261|MAZMUR 23:1|TUHAN adalah gembalaku takkan kekurangan aku.
262|MAZMUR 121:8|Tuhan akan menjaga keluar masukmu.
263|MAZMUR 91:11|Sebab malaikat-malaikat-Nya akan diperintahkan.
264|MAZMUR 121:8|Tuhan akan menjaga keluar masukmu.
265|MAZMUR 91:11|Sebab malaikat-malaikat-Nya akan diperintahkan.
266|MAZMUR 23:1|TUHAN adalah gembalaku takkan kekurangan aku.
267|MAZMUR 121:8|Tuhan akan menjaga keluar masukmu.
268|MAZMUR 91:11|Sebab malaikat-malaikat-Nya akan diperintahkan.
269|MAZMUR 23:1|TUHAN adalah gembalaku takkan kekurangan aku.
270|MAZMUR 121:8|Tuhan akan menjaga keluar masukmu.
271|MAZMUR 23:1|TUHAN adalah gembalaku takkan kekurangan aku.
272|MAZMUR 91:11|Sebab malaikat-malaikat-Nya akan diperintahkan.
273|MAZMUR 23:1|TUHAN adalah gembalaku takkan kekurangan aku.
274|MAZMUR 121:8|Tuhan akan menjaga keluar masukmu.
275|MAZMUR 23:1|TUHAN adalah gembalaku takkan kekurangan aku.
276|MAZMUR 91:11|Sebab malaikat-malaikat-Nya akan diperintahkan.
277|MAZMUR 121:8|Tuhan akan menjaga keluar masukmu.
278|MAZMUR 91:11|Sebab malaikat-malaikat-Nya akan diperintahkan.
279|MAZMUR 23:1|TUHAN adalah gembalaku takkan kekurangan aku.
280|MAZMUR 91:11|Sebab malaikat-malaikat-Nya akan diperintahkan.
281|MAZMUR 121:8|Tuhan akan menjaga keluar masukmu.
282|MAZMUR 23:1|TUHAN adalah gembalaku takkan kekurangan aku.
283|MAZMUR 91:11|Sebab malaikat-malaikat-Nya akan diperintahkan.
284|MAZMUR 23:1|TUHAN adalah gembalaku takkan kekurangan aku.
285|MAZMUR 91:11|Sebab malaikat-malaikat-Nya akan diperintahkan.
286|MAZMUR 121:8|Tuhan akan menjaga keluar masukmu.
287|MAZMUR 23:1|TUHAN adalah gembalaku takkan kekurangan aku.
288|MAZMUR 91:11|Sebab malaikat-malaikat-Nya akan diperintahkan.
289|MAZMUR 121:8|Tuhan akan menjaga keluar masukmu.
290|MAZMUR 91:11|Sebab malaikat-malaikat-Nya akan diperintahkan.
291|MAZMUR 121:8|Tuhan akan menjaga keluar masukmu.
292|MAZMUR 23:1|TUHAN adalah gembalaku takkan kekurangan aku.
293|MAZMUR 91:11|Sebab malaikat-malaikat-Nya akan diperintahkan.
294|MAZMUR 23:1|TUHAN adalah gembalaku takkan kekurangan aku.
295|MAZMUR 121:8|Tuhan akan menjaga keluar masukmu.
296|MAZMUR 23:1|TUHAN adalah gembalaku takkan kekurangan aku.
297|MAZMUR 91:11|Sebab malaikat-malaikat-Nya akan diperintahkan.
298|MAZMUR 121:8|Tuhan akan menjaga keluar masukmu.
299|MAZMUR 91:11|Sebab malaikat-malaikat-Nya akan diperintahkan.
300|MAZMUR 121:8|Tuhan akan menjaga keluar masukmu.
301|MAZMUR 23:1|TUHAN adalah gembalaku takkan kekurangan aku.
302|MAZMUR 91:11|Sebab malaikat-malaikat-Nya akan diperintahkan.
303|MAZMUR 121:8|Tuhan akan menjaga keluar masukmu.
304|MAZMUR 23:1|TUHAN adalah gembalaku takkan kekurangan aku.
305|MAZMUR 121:8|Tuhan akan menjaga keluar masukmu.
306|MAZMUR 91:11|Sebab malaikat-malaikat-Nya akan diperintahkan.
307|MAZMUR 23:1|TUHAN adalah gembalaku takkan kekurangan aku.
308|MAZMUR 121:8|Tuhan akan menjaga keluar masukmu.
309|MAZMUR 91:11|Sebab malaikat-malaikat-Nya akan diperintahkan.
310|MAZMUR 23:1|TUHAN adalah gembalaku takkan kekurangan aku.
311|MAZMUR 91:11|Sebab malaikat-malaikat-Nya akan diperintahkan.
312|MAZMUR 121:8|Tuhan akan menjaga keluar masukmu.
313|MAZMUR 23:1|TUHAN adalah gembalaku takkan kekurangan aku.
314|MAZMUR 91:11|Sebab malaikat-malaikat-Nya akan diperintahkan.
315|MAZMUR 121:8|Tuhan akan menjaga keluar masukmu.
316|MAZMUR 91:11|Sebab malaikat-malaikat-Nya akan diperintahkan.
317|MAZMUR 23:1|TUHAN adalah gembalaku takkan kekurangan aku.
318|MAZMUR 91:11|Sebab malaikat-malaikat-Nya akan diperintahkan.
319|MAZMUR 23:1|TUHAN adalah gembalaku takkan kekurangan aku.
320|MAZMUR 121:8|Tuhan akan menjaga keluar masukmu.
321|MAZMUR 23:1|TUHAN adalah gembalaku takkan kekurangan aku.
322|MAZMUR 91:11|Sebab malaikat-malaikat-Nya akan diperintahkan.
323|MAZMUR 121:8|Tuhan akan menjaga keluar masukmu.
324|MAZMUR 23:1|TUHAN adalah gembalaku takkan kekurangan aku.
325|MAZMUR 91:11|Sebab malaikat-malaikat-Nya akan diperintahkan.
326|MAZMUR 121:8|Tuhan akan menjaga keluar masukmu.
327|MAZMUR 91:11|Sebab malaikat-malaikat-Nya akan diperintahkan.
328|MAZMUR 23:1|TUHAN adalah gembalaku takkan kekurangan aku.
329|MAZMUR 121:8|Tuhan akan menjaga keluar masukmu.
330|MAZMUR 91:11|Sebab malaikat-malaikat-Nya akan diperintahkan.
331|MAZMUR 23:1|TUHAN adalah gembalaku takkan kekurangan aku.
332|MAZMUR 91:11|Sebab malaikat-malaikat-Nya akan diperintahkan.
333|MAZMUR 23:1|TUHAN adalah gembalaku takkan kekurangan aku.
334|MAZMUR 121:8|Tuhan akan menjaga keluar masukmu.
335|MAZMUR 91:11|Sebab malaikat-malaikat-Nya akan diperintahkan.
336|MAZMUR 23:1|TUHAN adalah gembalaku takkan kekurangan aku.
337|MAZMUR 91:11|Sebab malaikat-malaikat-Nya akan diperintahkan.
338|MAZMUR 23:1|TUHAN adalah gembalaku takkan kekurangan aku.
339|MAZMUR 121:8|Tuhan akan menjaga keluar masukmu.
340|MAZMUR 91:11|Sebab malaikat-malaikat-Nya akan diperintahkan.
341|MAZMUR 23:1|TUHAN adalah gembalaku takkan kekurangan aku.
342|MAZMUR 121:8|Tuhan akan menjaga keluar masukmu.
343|MAZMUR 91:11|Sebab malaikat-malaikat-Nya akan diperintahkan.
344|MAZMUR 121:8|Tuhan akan menjaga keluar masukmu.
345|MAZMUR 91:11|Sebab malaikat-malaikat-Nya akan diperintahkan.
346|MAZMUR 23:1|TUHAN adalah gembalaku takkan kekurangan aku.
347|MAZMUR 121:8|Tuhan akan menjaga keluar masukmu.
348|MAZMUR 91:11|Sebab malaikat-malaikat-Nya akan diperintahkan.
349|MAZMUR 23:1|TUHAN adalah gembalaku takkan kekurangan aku.
350|MAZMUR 91:11|Sebab malaikat-malaikat-Nya akan diperintahkan.
351|MAZMUR 121:8|Tuhan akan menjaga keluar masukmu.
352|MAZMUR 91:11|Sebab malaikat-malaikat-Nya akan diperintahkan.
353|MAZMUR 23:1|TUHAN adalah gembalaku takkan kekurangan aku.
354|MAZMUR 121:8|Tuhan akan menjaga keluar masukmu.
355|MAZMUR 91:11|Sebab malaikat-malaikat-Nya akan diperintahkan.
356|MAZMUR 23:1|TUHAN adalah gembalaku takkan kekurangan aku.
357|MAZMUR 91:11|Sebab malaikat-malaikat-Nya akan diperintahkan.
358|MAZMUR 121:8|Tuhan akan menjaga keluar masukmu.
359|MAZMUR 23:1|TUHAN adalah gembalaku takkan kekurangan aku.
360|MAZMUR 91:11|Sebab malaikat-malaikat-Nya akan diperintahkan.
361|MAZMUR 121:8|Tuhan akan menjaga keluar masukmu.
362|MAZMUR 91:11|Sebab malaikat-malaikat-Nya akan diperintahkan.
363|MAZMUR 23:1|TUHAN adalah gembalaku takkan kekurangan aku.
364|MAZMUR 121:8|Tuhan akan menjaga keluar masukmu.
365|MAZMUR 91:11|Sebab malaikat-malaikat-Nya akan diperintahkan.
